Nome,Diretor,Nota,Gênero
Warfare,Alex Garland,3.4,"Ação,Drama,Guerra"
Extremely Loud and Incredibly Close,Stephen Daldry,4.0,"Aventura,Drama,Mistério"
The Matrix,Lana Wachowski,4.3,"Ação,Aventura,Ficção Científica "
Britain And The Blitz,Ella Wright,3.4,"Documentário,Guerra"
Law Abiding Citizen,F. Gary Gray,4.0,"Drama,Policial,Thriller"
The Town,Ben Affleck,3.6,"Drama,Policial,Thriller"
Conspiracy,Frank Pierson,3.7,"Biografia,Drama,Guerra,História"
The Girl with the Dragon Tattoo,David Fincher,4.2,"Drama,Mistério,Suspense"
Homem com H,Esmir Filho,4.4,"Biografia,Drama,Música,Nacional"
Sinners,Ryan Coogler,4.2,"Ação,Drama,Terror,Thriller"
Gridiron Gang,Phil Joanou,3.7,"Biografia,Drama,Esporte,Policial"
Miss Evers' Boys,Joseph Sargent,3.7,"Drama,Guerra"
Wartorn: 1861-2010,Ellen Goosenberg Kent,4.3,"Documentário,Guerra"
Elijo Creer,Martín Méndez,4.0,Documentário
The Doors,Oliver Stone,4.0,"Biografia,Drama,Música"
"LaRoy, Texas",Shane Atkinson,3.2,"Comédia,Thriller"
Breakdown,Jonathan Mostow,3.4,"Mistério,Policial,Thriller"
Black Bag,Steven Soderbergh,3.2,"Drama,Romance,Thriller"
Mickey 17,Bong Joon-ho,3.4,"Aventura,Comédia,Fantasia,Ficção Científica "
Something the Lord Made,Joseph Sargent,4.2,"Biografia,Drama"
Terra Estrangeira,Daniela Thomas,4.1,"Drama,Nacional,Policial"
L'Argent,Robert Bresson,3.8,Drama
A Real Pain,Jesse Eisenberg,3.5,"Comédia,Drama"
A Complete Unknown,James Mangold,3.5,"Biografia,Drama,Música"
Unleashed,Louis Leterrier,3.6,"Ação,Drama,Policial,Suspense"
Olga,Jayme Monjardim,3.8,"Biografia,Drama,Guerra,Nacional"
Nr. 24,John Andreas Andersen,3.7,"Biografia,Drama,Guerra"
Isabella: O Caso Nardoni,Cláudio Manoel,3.1,"Documentário,Nacional"
Pigen med nålen,Magnus von Horn,4.0,"Drama,História,Policial"
Anora,Sean Baker (II),3.5,"Comédia,Drama,Romance"
Le Dernier Métro,François Truffaut,3.8,"Drama,Guerra,Romance"
Clockers,Spike Lee,3.6,"Drama,Mistério,Policial"
El Jockey,Luis Ortega,3.2,"Drama,Esporte"
Conclave,Edward Berger,3.9,"Drama,Suspense"
Le Doulos,Jean-Pierre Melville,4.0,"Policial,Thriller"
Cross of Iron,Sam Peckinpah,4.0,"Guerra,História"
The Wind That Shakes the Barley,Ken Loach,3.9,"Drama,Guerra"
Nosferatu,Robert Eggers,3.6,"Fantasia,Mistério,Terror"
28 Days Later,Danny Boyle,3.7,"Drama,Ficção Científica ,Terror,Thriller"
Carry-On,Jaume Collet-Serra,3.2,"Ação,Thriller"
PTU,Johnnie To,3.9,Policial
The Six Triple Eight,Tyler Perry,3.7,"Drama,Guerra"
Deep Cover,Bill Duke,3.8,"Ação,Policial,Thriller"
Juror #2,Clint Eastwood,3.6,"Drama,Thriller"
Hush,Jonathan Darby,3.0,"Drama,Suspense"
Joy,Ben Taylor (XXXVIII),3.7,"Biografia,Drama,História"
Winter's Bone,Debra Granik,3.5,"Drama,Mistério,Suspense"
Misery,Rob Reiner,4.1,"Drama,Suspense"
Gladiator II,Ridley Scott,3.3,"Ação,Aventura,Drama"
White Boy Rick,Yann Demange,3.4,"Drama,Policial"
Ainda Estou Aqui,Walter Salles,4.5,"Biografia,Drama,História,Nacional"
Yara,Marco Tullio Giordana,3.3,"Drama,Policial"
The Funeral,Abel Ferrara,3.7,"Drama,Policial"
The Apprentice,Ali Abbasi,3.5,"Biografia,Drama,História"
Woman of the Hour,Anna Kendrick (I),3.1,"Drama,Policial,Thriller"
Holocausto Brasileiro,Armando Mendz,4.3,"Documentário,Nacional"
São Paulo Sociedade Anônima,Luís Sérgio Person,4.2,"Drama,Nacional"
Lee,Ellen Kuras,3.5,"Biografia,Drama,Guerra,História"
Strange Darling,JT Mollner,3.5,"Policial,Terror,Thriller"
Bad Day at Black Rock,John Sturges,3.9,"Drama,Mistério,Policial"
Touch of Evil,Orson Welles,4.1,"Film-Noir,Policial,Suspense"
Blink Twice,Zoë Kravitz,3.5,"Mistério,Suspense"
弟弟,Sean Wang (III),3.7,"Comédia,Drama"
Last Train From Gun Hill,John Sturges,4.0,"Faroeste,Romance"
Retfærdighedens Ryttere,Anders Thomas Jensen,3.7,"Ação,Comédia,Drama,Thriller"
Sisu,Jalmari Helander,3.5,"Ação,Guerra"
Sinsegye,Park Hoon-jung,4.0,"Ação,Drama,Policial,Thriller"
Joker: Folie à Deux,Todd Phillips (I),2.6,"Drama,Musical,Policial,Super-herói,Thriller"
Inside Out 2,Kelsey Mann,4.0,"Animação,Aventura,Família"
모가디슈,Seung-wan Ryoo,3.8,"Ação,Drama"
Au Revoir Les Enfants,Louis Malle,4.2,"Biografia,Drama,Guerra"
Night and The City,Jules Dassin,4.2,"Film-Noir,Mistério,Policial"
Du Rififi Chez les Hommes,Jules Dassin,4.3,"Drama,Policial,Thriller"
Longlegs,Osgood Perkins (II),3.3,"Policial,Terror,Thriller"
Flammen & Citronen,Ole Christian Madsen,4.0,"Drama,História,Thriller"
Beetlejuice Beetlejuice,Tim Burton,3.5,"Comédia,Fantasia"
Monsieur Klein,Joseph Losey,4.0,"Drama,Guerra,Mistério,Thriller"
Das Lehrerzimmer,Ilker Çatak,3.8,Drama
The Old Oak,Ken Loach,3.7,Drama
Le cercle rouge,Jean-Pierre Melville,4.1,"Drama,Policial,Thriller"
Patton,Franklin J. Schaffner,3.9,"Biografia,Drama,Guerra"
MaXXXine,Ti West,3.1,"Policial,Terror"
Nobi,Kon Ichikawa,4.3,"Drama,Guerra"
Blue Valentine,Derek Cianfrance,3.6,"Drama,Romance"
파묘,Jae-hyun Jang,3.5,"Drama,Mistério,Terror,Thriller"
20 Days in Mariupol,Mstyslav Chernov,3.9,"Documentário,Guerra"
What You Wish For,Nicholas Tomnay,3.5,"Terror,Thriller"
A Quiet Place: Day One,Michael Sarnoski,3.3,"Drama,Ficção Científica ,Terror"
The Bikeriders,Jeff Nichols (VI),3.1,"Drama,Policial"
Cuando Acecha la Maldad,Demián Rugna,3.5,Terror
Cruising,William Friedkin,3.5,"Drama,Policial,Thriller"
Operation Finale,Chris Weitz,3.6,"Biografia,Drama,Guerra,História,Thriller"
Twister,Jan de Bont,3.2,"Ação,Aventura,Drama,Thriller"
L'Armée des Ombres,Jean-Pierre Melville,4.2,"Drama,Guerra,Thriller"
Monkey Man,Dev Patel,3.6,"Ação,Drama,Thriller"
La Battaglia di Algeri,Gillo Pontecorvo,4.3,"Drama,Guerra,História"
Fuga,Pablo Larraín,3.6,Drama
Le Samouraï,Jean-Pierre Melville,4.2,"Drama,Thriller"
Furiosa: A Mad Max Saga,George Miller (II),3.7,"Ação,Aventura,Ficção Científica ,Suspense"
Novecento,Bernardo Bertolucci,4.3,"Drama,Guerra,História,Romance"
The Ministry of Ungentlemanly Warfare,Guy Ritchie,3.3,"Ação,Guerra"
The Last Stop in Yuma County,Francis Galluppi,3.5,"Policial,Suspense"
Vyzov,Klim Shipenko (I),3.9,"Aventura,Drama,Ficção Científica "
C.R.A.Z.Y.,Jean-Marc Vallée,4.2,"Comédia,Drama"
La Grande Vadrouille,Gérard Oury,4.0,Comédia
Mothers’ Instinct,Benoît Delhomme,3.4,"Drama,Thriller"
Love Lies Bleeding,Rose Glass (I),3.5,"Ação,Policial,Romance,Thriller"
Challengers,Luca Guadagnino,3.6,"Drama,Esporte,Romance"
Insyriated,Philippe Van Leeuw,3.9,"Drama,Guerra"
Civil War,Alex Garland,3.5,"Ação,Guerra,Thriller"
The Emperor of the North,Robert Aldrich,4.0,"Ação,Aventura,Drama"
All of Us Strangers,Andrew Haigh,3.8,"Drama,Fantasia,Romance"
Los Colonos,Felipe Gálvez,3.8,"Drama,História,Policial"
One Life,James Hawes (I),4.0,"Biografia,Drama,História"
Ji jie hao ,Xiaogang Feng,3.5,"Ação,Biografia,Drama"
Devotion,J.D. Dillard,3.3,"Ação,Biografia,Drama,Guerra"
Dune: Part Two,Denis Villeneuve,4.2,"Ação,Aventura,Drama,Ficção Científica "
КАЛАШНИКОВ,Konstantin Buslov,3.3,"Ação,Drama,Guerra"
Ferrari,Michael Mann,3.3,"Biografia,Drama"
Indiana Jones and the Dial of Destiny,James Mangold,3.2,"Ação,Aventura,Ficção Científica "
200 Meters,Ameen Nayfeh,3.8,Drama
La Mala Ordina,Fernando Di Leo,3.9,"Ação,Drama,Policial"
Rotting in the Sun,Sebastián Silva (III),3.5,"Comédia,Drama,Mistério"
The Burial,Maggie Betts,3.7,Drama
Poor Things,Yorgos Lanthimos,4.1,"Comédia,Drama,Ficção Científica ,Romance"
Io Capitano,Matteo Garrone,4.0,"Aventura,Drama"
The Iron Claw,Sean Durkin,3.9,"Biografia,Drama,Esporte"
Mission: Impossible - Dead Reckoning Part One,Christopher McQuarrie,3.9,"Ação,Aventura,Suspense"
Persian Lessons,Vadim Perelman,3.9,"Drama,Guerra"
怪物,Hirokazu Koreeda,4.2,Drama
To Live and Die in L.A.,William Friedkin,3.8,"Ação,Policial,Thriller"
The Color Purple,Blitz Bazawule,3.5,"Drama,Musical"
The Boys in the Boat,George Clooney,3.5,"Biografia,Drama,Esporte"
콘크리트 유토피아,Uhm Tae-Hwa,3.2,"Drama,Ficção Científica ,Thriller"
Kuolleet Lehdet,Aki Kaurismäki,3.8,"Drama,Romance"
La Sociedad de la Nieve,J. A. Bayona,4.2,"Aventura,Biografia,Drama,História,Thriller"
The Zone of Interest,Jonathan Glazer,3.6,"Drama,Guerra,História"
The Holdovers,Alexander Payne,4.0,"Comédia,Drama"
NYAD,Elizabeth Chai Vasarhelyi,3.7,"Biografia,Drama,Esporte"
The Devil All the Time,Antônio Campos (I),3.8,"Drama,Thriller"
Anatomie d'une Chute,Justine Triet,4.0,"Drama,Mistério,Thriller"
Bastarden,Nikolaj Arcel,4.0,"Drama,Faroeste,História"
Silent Night,John Woo (I),2.7,"Ação,Thriller"
How to Have Sex,Molly Manning Walker,3.5,Drama
Deepwater Horizon,Peter Berg (I),3.5,"Ação,Drama,História"
Berdreymi,Guðmundur Arnar Guðmundsson,3.9,Drama
Les Traducteurs,Régis Roinsard,3.5,"Mistério,Thriller"
Maestro,Bradley Cooper,3.1,"Biografia,Drama,Música"
O Sequestro do Voo 375,Marcus Baldini,3.8,"Ação,Drama,História,Nacional,Thriller"
The Great Debaters,Denzel Washington,4.1,"Biografia,Drama"
Mal de Pierres,Nicole Garcia (I),3.6,"Drama,Romance"
Napoleon,Ridley Scott,3.1,"Ação,Biografia,Drama,Guerra,História"
Tyrannosaur,Paddy Considine,4.0,Drama
"Lepa Sela, Lepo Gore",Srdjan Dragojevic,4.2,"Drama,Guerra,História"
Out of Rosenheim,Percy Adlon,4.0,"Comédia,Drama"
When Saturday Comes,Maria Giese,3.2,"Drama,Esporte"
Martyrs,Pascal Laugier,3.9,"Drama,Suspense,Terror"
The Railway Man,Jonathan Teplitzky,3.6,"Biografia,Drama,Guerra,Romance"
Tomboy,Céline Sciamma,4.2,Drama
Killers of the Flower Moon,Martin Scorsese,4.1,"Drama,História,Policial"
A-i-deul...,Kyoo-man Lee,3.9,"Policial,Thriller"
Nacido en Gaza,Hernán Zin,4.4,Documentário
The Killer,David Fincher,3.3,"Ação,Drama,Policial,Thriller"
Thief,Michael Mann,3.9,"Ação,Drama,Policial,Thriller"
Ničija Zemlja,Danis Tanovic,4.0,"Drama,Guerra"
Lorenzo's Oil,George Miller (II),4.1,Drama
The Last Days,James Moll,4.4,"Documentário,Drama"
Victoria,Sebastian Schipper,3.8,"Drama,Policial,Thriller"
La Rafle,Rose Bosch,4.2,"Drama,Guerra,História"
Battle for Haditha,Nick Broomfield,3.7,"Drama,Guerra,História"
The Cure,Peter Horton,4.1,Drama
The Match,Dominik Sedlar,3.6,"Drama,Esporte,Guerra,História"
The French Connection,William Friedkin,3.9,"Ação,Policial,Thriller"
Lakposhtha Parvaz Mikonand,Bahman Ghobadi,4.4,"Drama,Guerra"
Past Lives,Celine Song,4.2,"Drama,Romance"
The Children of Huang Shi,Roger Spottiswoode,4.0,"Drama,Guerra"
The Three Burials of Melquiades Estrada,Tommy Lee Jones,3.7,"Aventura,Faroeste"
The Right Stuff,Philip Kaufman,3.8,Drama
No Hard Feelings,Gene Stupnitsky,3.3,Comédia
Oppenheimer,Christopher Nolan,4.0,"Biografia,Drama,Guerra,História"
The Swimmers,Sally El Hosaini,3.9,"Biografia,Drama,Esporte"
El Camino: A Breaking Bad Movie,Vince Gilligan,3.7,"Ação,Drama,Thriller"
After Hours,Martin Scorsese,4.0,"Comédia,Drama,Policial,Suspense"
Anonyma - Eine Frau in Berlin,Max Färberböck,3.7,"Drama,Guerra,História"
BlackBerry,Matt Johnson (LXXVII),3.5,"Biografia,Drama"
Turning Red,Domee Shi,3.9,"Animação,Aventura,Comédia,Família,Fantasia"
Air,Ben Affleck,3.6,Drama
Barbie,Greta Gerwig,3.8,"Aventura,Comédia,Fantasia"
Kurak Günler,Emin Alper,4.0,"Drama,Thriller"
Elephant,Gus Van Sant,3.6,"Drama,Experimental,Policial,Thriller"
In the Name of the Father,Jim Sheridan (I),4.2,"Biografia,Drama"
My Left Foot: The Story of Christy Brown,Jim Sheridan (I),4.2,"Biografia,Drama"
The Covenant,Guy Ritchie,3.9,"Ação,Drama,Guerra,Thriller"
Midnight Express,Alan Parker,4.1,"Biografia,Drama,Policial"
Capote,Bennett Miller,3.8,"Biografia,Drama,Policial"
Scream 2,Wes Craven,3.2,"Mistério,Terror"
John Wick: Chapter 4,Chad Stahelski,3.9,"Ação,Policial,Thriller"
Tora! Tora! Tora!,Kinji Fukasaku,3.8,"Ação,Guerra"
عنکبوت مقدس,Ali Abbasi,4.0,"Drama,Policial,Thriller"
Tetris,Jon S. Baird,3.8,"Biografia,Drama,História"
Creed III,Michael B. Jordan,3.4,"Drama,Esporte"
Close,Lukas Dhont,4.2,Drama
Unrelated,Joanna Hogg,3.2,Drama
The Fabelmans,Steven Spielberg,4.0,Drama
혼자 사는 사람들,Hong Sung-Eun,3.9,Drama
The Whale,Darren Aronofsky,4.0,Drama
Charlie's Country,Rolf de Heer,4.0,"Biografia,Drama"
De Helaasheid Der Dingen,Felix van Groeningen,3.8,Drama
We Own the Night,James Gray,3.5,"Drama,Policial,Thriller"
Tusen Ganger God Natt,Erik Poppe,4.0,"Drama,Guerra"
Pride,Matthew Warchus,4.3,"Biografia,Comédia,Drama"
Zamani Barayé Masti Asbha,Bahman Ghobadi,4.1,"Drama,Guerra"
J'accuse,Roman Polanski,3.7,"Drama,História,Thriller"
Dip Huet Gai Tau,John Woo (I),4.0,Ação
A Perfect World,Clint Eastwood,4.0,"Drama,Policial,Thriller"
Turist,Ruben Östlund,3.6,"Comédia,Drama"
خانه‌ی دوست کجاست؟,Abbas Kiarostami,4.2,"Drama,Família"
The Menu,Mark Mylod,3.6,"Comédia,Suspense,Terror"
Marte Um,Gabriel Martins,4.1,"Drama,Nacional"
Armageddon Time,James Gray,3.3,Drama
Megan Leavey,Gabriela Cowperthwaite,3.6,"Biografia,Drama,Guerra"
Film Kteer Kbeer,Mir-Jean Bou Chaaya,3.6,"Ação,Comédia"
He Got Game,Spike Lee,3.4,"Drama,Esporte,Romance"
Il Conformista,Bernardo Bertolucci,4.1,"Drama,Thriller"
Do the Right Thing,Spike Lee,4.2,"Comédia,Drama"
The Pirates of Somalia,Bryan Buckley,3.5,"Biografia,Drama"
You Don't Know Jack,Barry Levinson,4.1,"Biografia,Drama"
Contact,Robert Zemeckis,4.1,"Drama,Ficção Científica ,Mistério"
L'insulte,Ziad Doueiri,4.1,Drama
À Nos Amours,Maurice Pialat,3.7,Drama
Hwanghae,Hong-jin Na,3.8,"Drama,Policial,Thriller"
Goodbye Bafana,Bille August,3.8,"Biografia,Drama,História"
When Trumpets Fade,John Irvin,3.6,"Ação,Drama,Guerra"
The Killing Fields,Roland Joffé,4.0,"Drama,Guerra,História"
Dragged Across Concrete,S. Craig Zahler,3.6,"Ação,Drama,Policial,Thriller"
Große Freiheit,Sebastian Meise,4.0,Drama
The Whistleblower,Larysa Kondracki,3.8,Drama
Funny Games,Michael Haneke,3.8,"Drama,Policial,Suspense,Terror"
Emancipation,Antoine Fuqua,3.8,"Ação,Drama,Thriller"
Tár,Todd Field,3.7,"Drama,Música"
Tuntematon sotilas,Aku Louhimies,3.9,"Drama,Guerra"
Escape from Sobibor,Jack Gold,4.1,"Drama,Guerra,História,Thriller"
U-571,Jonathan Mostow,3.4,"Ação,Drama,Guerra"
Windtalkers,John Woo (I),3.4,"Ação,Guerra"
In Darkness,Agnieszka Holland,3.9,"Drama,Guerra"
The Tuskegee Airmen,Robert Markowitz,3.6,"Drama,Guerra,História"
Passchendaele,Paul Gross,3.5,"Drama,Guerra,História,Romance"
The Express,Gary Fleder,4.0,"Biografia,Drama,Esporte"
My Policeman,Michael Grandage,3.4,"Drama,Romance"
Jakob the Liar,Peter Kassovitz,3.8,"Drama,Guerra"
Barbarian,Zach Cregger,3.4,"Suspense,Terror"
Nitram,Justin Kurzel,3.8,"Drama,Thriller"
"Argentina, 1985",Santiago Mitre,4.3,"Biografia,Drama,História"
Fall,Scott Mann,3.2,Thriller
El Robo del Siglo,Ariel Winograd,3.7,"Comédia,Policial"
Molly's Game,Aaron Sorkin,3.7,"Biografia,Drama"
Everything Everywhere All at Once,Daniel Kwan,4.0,"Ação,Aventura,Comédia,Fantasia,Ficção Científica "
La Haine,Mathieu Kassovitz,4.2,"Drama,Policial"
The Greatest Beer Run Ever,Peter Farrelly,3.4,"Aventura,Comédia,Drama,Guerra"
Weird: The Al Yankovic Story,Eric Appel,3.4,"Biografia,Comédia,Musical"
Pearl,Ti West,3.9,"Drama,Suspense,Terror"
Im Westen Nichts Neues,Edward Berger,4.0,"Ação,Drama,Guerra"
The Sea Beast,Chris Williams (IX),3.7,"Animação,Aventura,Família"
Ba xian fan dian zhi ren rou cha shao bao,Herman Yau,3.7,"Comédia,Policial,Terror"
Die Wannseekonferenz,Matti Geschonneck,3.5,"Drama,Guerra,História"
Don't Worry Darling,Olivia Wilde,3.3,"Drama,Mistério,Suspense"
Athena,Romain Gavras,3.7,"Ação,Drama,Suspense"
The Normal Heart,Ryan Murphy (I),4.3,"Biografia,Drama,História"
Liar Liar,Tom Shadyac,3.5,Comédia
Beats,Brian Welsh (IV),3.6,"Comédia,Drama,Música,Policial"
Bodies Bodies Bodies,Halina Reijn,3.1,"Comédia,Suspense,Terror"
Kubo and the Two Strings,Travis Knight (II),4.2,"Animação,Aventura,Família"
Blonde,Andrew Dominik,2.6,"Biografia,Drama"
Bullet Train,David Leitch (I),3.6,"Ação,Comédia,Thriller"
Speak No Evil,Christian Tafdrup,3.6,"Drama,Terror,Thriller"
Fever Pitch,David M. Evans,3.4,"Comédia,Esporte,Romance"
Vengeance,B. J. Novak,3.4,"Comédia,Mistério,Thriller"
Mok-gyeok-ja,Jo Kyoo-Jang,3.5,Thriller
Top Gun: Maverick,Joseph Kosinski,4.1,"Ação,Drama"
Good Bye Lenin!,Wolfgang Becker (II),4.2,"Comédia,Drama,Romance"
Thirteen Lives,Ron Howard,4.0,"Biografia,Drama,Suspense"
Wolyn,Wojciech Smarzowski,3.8,"Drama,Guerra,Romance"
Elvis,Baz Luhrmann,3.8,"Biografia,Drama,Música"
"Onoda, 10 000 nuits dans la jungle",Arthur Harari,3.9,Drama
Escape from Pretoria,Francis Annan (II),3.6,"Ação,Biografia,Mistério,Policial,Thriller"
The Batman,Matt Reeves,4.0,"Ação,Drama,Policial,Super-herói,Thriller"
Offside,Jafar Panahi,4.1,"Drama,Esporte"
Sunshine,István Szabó (I),3.8,"Drama,Guerra,História"
Aala Kaf Ifrit,Kaouther Ben Hania,4.0,"Drama,Policial,Thriller"
The Train,John Frankenheimer,4.1,"Ação,Guerra,Thriller"
Aiamuahiro,Shinsuke Sato,3.5,"Ação,Drama,Suspense,Terror"
Ba Bai,Hu Guan,3.7,"Guerra,História"
The Stoning of Soraya M.,Cyrus Nowrasteh,4.3,Drama
Donbass,Sergei Loznitsa,3.4,"Drama,Guerra"
On the Count of Three,Jerrod Carmichael,3.6,"Comédia,Drama"
Cha Cha Real Smooth,Cooper Raiff,3.8,"Comédia,Drama"
Bang Bang You're dead,Guy Ferland,4.0,"Drama,Policial,Suspense"
Hwaryeohan Hyooga,Kim Ji-Hoon (I),4.1,"Drama,Guerra"
Dolores Claiborne,Taylor Hackford,4.0,"Drama,Mistério,Policial"
Just Mercy,Destin Daniel Cretton,4.2,Drama
Kursk,Thomas Vinterberg,3.3,"Drama,História"
Den 12. mann,Harald Zwart,4.0,"Drama,Guerra"
Crimson Tide,Tony Scott,3.5,"Ação,Drama,Guerra,Thriller"
John Rabe,Florian Gallenberger,3.8,Biografia
Candy,Neil Armfield,4.0,"Drama,Romance"
Hustle,Jeremiah Zagar,3.7,"Comédia,Drama,Esporte"
The Gentlemen,Guy Ritchie,3.8,"Ação,Policial"
X,Ti West,3.4,"Drama,Terror,Thriller"
G.I. Jane,Ridley Scott,3.7,"Ação,Drama,Guerra"
Jackass - Volume Two,Jeff Tremaine,3.8,"Ação,Comédia,Thriller"
The Outfit,Graham Moore,3.7,"Drama,Mistério,Policial,Thriller"
Jackass - Volume one,Jeff Tremaine,3.7,"Ação,Comédia,Thriller"
Fantastic Beasts and Where to Find Them,David Yates,4.0,"Aventura,Família,Fantasia"
The Northman,Robert Eggers,3.7,"Ação,Aventura,Drama,Fantasia,História,Thriller"
Wrath of Man,Guy Ritchie,3.6,"Ação,Thriller"
The Dirt,Jeff Tremaine,3.8,"Biografia,Drama,Musical"
Romper Stomper,Geoffrey Wright,3.4,"Ação,Drama"
Jackass Forever,Jeff Tremaine,3.4,Comédia
"Lock, Stock and Two Smoking Barrels",Guy Ritchie,4.2,"Ação,Comédia,Policial"
Spider-Man: Far From Home,Jon Watts (II),3.6,"Ação,Aventura,Comédia,Ficção Científica ,Super-herói"
CODA,Sian Heder,4.1,"Comédia,Drama,Família,Música"
Skyggen i mit øje,Ole Bornedal,3.8,"Drama,Guerra,História"
Nightmare Alley,Guillermo del Toro,3.5,"Drama,Policial,Thriller"
Spider-Man: Homecoming,Jon Watts (II),3.8,"Ação,Aventura,Ficção Científica ,Super-herói"
C'mon C'mon,Mike Mills (II),3.9,"Comédia,Drama"
Licorice Pizza,Paul Thomas Anderson,3.5,"Comédia,Drama,Romance"
Point Break,Kathryn Bigelow,3.7,"Ação,Policial,Thriller"
Days of Thunder,Tony Scott,3.1,"Ação,Drama,Esporte,Romance"
The Last Duel,Ridley Scott,3.9,"Ação,Drama,História"
Encanto,Byron Howard,3.8,"Animação,Família,Fantasia"
White Men Can't Jump,Ron Shelton,3.4,"Comédia,Drama,Esporte"
King Richard,Reinaldo Marcus Green,3.8,"Biografia,Drama,Esporte"
Armageddon,Michael Bay,3.5,"Ação,Aventura,Ficção Científica ,Suspense"
Con Air,Simon West (I),3.5,"Ação,Policial,Thriller"
Monster,Patty Jenkins,4.0,"Biografia,Drama,Policial"
United 93,Paul Greengrass,3.4,"Ação,Drama,História,Thriller"
Independence Day,Roland Emmerich,3.4,"Ação,Aventura,Ficção Científica "
Bicho de Sete Cabeças,Laís Bodanzky,4.0,"Drama,Nacional"
Ghostbusters,Ivan Reitman,3.7,"Ação,Comédia,Fantasia,Ficção Científica "
Mr. & Mrs. Smith,Doug Liman,3.4,"Ação,Comédia,Policial,Romance,Thriller"
Jason Bourne,Paul Greengrass,3.5,"Ação,Thriller"
22 July,Paul Greengrass,3.7,"Biografia,Drama,História,Policial,Suspense"
Sleepers,Barry Levinson,3.9,"Drama,Policial,Thriller"
Silmido,Kang Woo-Suk,3.8,"Ação,Guerra,História,Suspense"
O Lobo Atrás da Porta,Fernando Coimbra,4.0,"Drama,Nacional,Suspense"
A Knight's Tale,Brian Helgeland,3.7,"Ação,Aventura,Romance"
Memphis Belle,Michael Caton-Jones,3.7,"Ação,Drama,Guerra"
Quantum of Solace,Marc Forster,3.4,"Ação,Aventura,Thriller"
De Oost,Jim Taihuttu,3.3,"Drama,Guerra,Thriller"
Casino Royale,Martin Campbell (I),3.8,"Ação,Policial,Thriller"
"El patrón, radiografía de un crimen",Sebastián Schindel,3.9,"Drama,Policial"
The Power of the Dog,Jane Campion,3.7,"Drama,Faroeste,Mistério"
Shooting Dogs,Michael Caton-Jones,4.1,"Drama,História"
T-34,Aleksey Sidorov (I),3.9,"Ação,Guerra"
Nanjing! Nanjing!,Lu Chuan (I),4.3,"Drama,Guerra,História"
Old Henry,Potsy Ponciroli,3.7,"Ação,Drama,Faroeste"
Glory,Edward Zwick,3.8,"Drama,Guerra,História"
기억의 밤,Jang Hang-Jun,3.8,"Drama,Mistério,Policial,Suspense"
100 metros,Marcel Barrena,4.2,"Biografia,Comédia,Drama"
Man on Fire,Tony Scott,3.9,"Ação,Drama,Policial,Suspense"
Hou Lai de Wo Men,Rene Liu,4.2,"Drama,Romance"
First They Killed My Father,Angelina Jolie,3.8,"Biografia,Drama,Guerra,História"
The Lost Battalion,Russell Mulcahy,3.7,"Drama,Guerra"
Les Femmes de L'ombre,Jean-Paul Salomé,3.9,"Drama,Guerra,História"
Spider-Man 3,Sam Raimi,3.1,"Ação,Aventura,Ficção Científica ,Super-herói"
Bølgen,Roar Uthaug,3.2,"Ação,Drama,Thriller"
Spider-Man 2,Sam Raimi,3.6,"Ação,Aventura,Ficção Científica ,Super-herói"
The Harder They Fall,Jeymes Samuel,3.6,"Ação,Drama,Faroeste"
Spider-Man,Sam Raimi,3.7,"Ação,Aventura,Ficção Científica ,Super-herói"
The Unforgivable,Nora Fingscheidt,3.6,"Drama,Mistério,Policial"
Bac Nord,Cédric Jimenez,3.5,"Ação,Drama,Policial,Thriller"
Machuca,Andrés Wood,4.3,"Biografia,Drama"
The Goonies,Richard Donner,4.1,"Aventura,Comédia,Família"
Papillon,Michael Noer,3.7,"Aventura,Biografia,Drama,Policial"
7 Prisioneiros,Alex Moratto,3.9,"Drama,Nacional"
Samba,Eric Toledano,3.8,"Comédia,Drama"
No Time to Die,Cary Fukunaga,3.6,Ação
De Slag om de Schelde,Matthijs van Heijningen Jr.,3.6,"Drama,Guerra"
Cry Macho,Clint Eastwood,3.0,Drama
A Call to Spy,Lydia Dean Pilcher,3.6,"Biografia,Drama,Guerra,Thriller"
Dune,Denis Villeneuve,3.8,"Ação,Aventura,Drama,Ficção Científica "
Alive,Frank Marshall,3.7,"Aventura,Biografia,Drama,Thriller"
Night Will Fall,André Singer,4.6,Documentário
Nothing But The Truth,Rod Lurie,3.7,"Drama,Suspense"
Dark Waters,Todd Haynes,3.9,"Biografia,Drama,História"
A Quiet Place Part II,John Krasinski,3.6,"Suspense,Terror"
Brestskaya Krepost,Alexander Kott,4.0,"Ação,Drama,Guerra,História"
Judas and the Black Messiah,Shaka King,4.1,"Biografia,Drama,História"
Il Divin Codino,Letizia Lamartire,3.2,Biografia
"Quo Vadis, Aida?",Jasmila Zbanic,4.2,"Drama,Guerra,História"
Resistance,Jonathan Jakubowicz,3.6,"Biografia,Drama,Guerra,História"
Pelé,Ben Nicholas,3.6,"Biografia,Documentário,Esporte"
Marshall,Reginald Hudlin,3.8,Drama
Promising Young Woman,Emerald Fennell,3.8,"Drama,Thriller"
Soul,Kemp Powers,4.3,"Animação,Aventura,Fantasia"
Mosul,Matthew Michael Carnahan,3.5,"Ação,Drama,Guerra"
Druk,Thomas Vinterberg,3.9,"Comédia,Drama"
Sound of Metal,Darius Marder,4.1,"Drama,Música"
The Day After Tomorrow,Roland Emmerich,3.2,"Ação,Aventura,Ficção Científica ,Suspense"
"Diego Maradona: Rebelde, héroe, estafador, Dios",Asif Kapadia,4.0,"Documentário,Esporte"
A Hidden Life,Terrence Malick,3.9,"Biografia,Drama,Guerra,Romance"
The Trial of the Chicago 7,Aaron Sorkin,4.0,"Drama,História,Thriller"
We Were Soldiers,Randall Wallace (I),3.5,"Ação,Drama,Guerra,História"
Halloween,John Carpenter (I),3.7,"Suspense,Terror"
Greyhound,Aaron Schneider,3.3,"Drama,Guerra,História"
Dokani,Hwang Dong-Hyuk,4.2,Drama
Australia,Baz Luhrmann,3.5,"Aventura,Drama,Faroeste,Guerra,Romance"
Brian Banks,Tom Shadyac,3.9,"Biografia,Drama"
We Are Marshall,McG,3.7,"Drama,Esporte"
Free State Of Jones,Gary Ross (I),3.7,"Ação,Biografia,Drama,Guerra,História"
The Rookie,John Lee Hancock,3.5,"Biografia,Drama,Esporte"
Straight Outta Compton,F. Gary Gray,4.2,"Biografia,Drama,Música"
Executive Decision,Stuart Baird,3.1,"Ação,Aventura,Suspense"
El fotógrafo de Mauthausen,Mar Targarona,3.8,"Biografia,Drama,Guerra,História"
Gold,Stephen Gaghan,3.5,"Biografia,Drama,Mistério,Policial"
The Great Gatsby,Baz Luhrmann,3.9,"Drama,Romance"
Bienvenue à Marly-Gomont,Julien Rambaldi,4.1,Comédia
The Red Sea Diving Resort,Gideon Raff,3.6,"Drama,História,Thriller"
Woodlawn,Andrew Erwin,3.5,"Drama,Esporte"
Patch Adams,Tom Shadyac,4.1,"Biografia,Comédia,Drama"
American Wrestler: The Wizard,Alex Ranarivelo,3.6,"Drama,Esporte"
Rudy,David Anspaugh,3.8,"Biografia,Drama,Esporte"
"Sérgio: One Man""s Fight To Save The World",Greg Barker,4.2,Documentário
Da 5 Bloods,Spike Lee,3.8,"Drama,Guerra"
Extraction,Sam Hargrave,3.5,"Ação,Thriller"
Sergio,Greg Barker,3.2,"Biografia,Drama,Romance"
Death Race,Paul W.S. Anderson,3.3,"Ação,Ficção Científica ,Thriller"
Jangsa-ri 9.15,Kyung-Taek Kwak,4.0,"Ação,Drama,Guerra,História"
La tierra y la sombra,César Augusto Acevedo,3.9,Drama
Midway,Roland Emmerich,3.3,"Ação,Drama,Guerra,História"
감기,Kim Sung-soo (I),3.6,"Ação,Drama,Ficção Científica ,Suspense"
Pohwa Sokeuro,John H. Lee,4.4,"Ação,Drama,Guerra,História"
Batismo de Sangue,Helvecio Ratton,4.0,"Drama,Nacional"
The Two Popes,Fernando Meirelles,4.1,"Biografia,Drama"
Dante's Peak,Roger Donaldson,2.9,"Ação,Aventura,Thriller"
Dangal,Nitesh Tiwari,4.2,"Ação,Biografia,Drama,Esporte"
Batalon,Dmitriy Meskhiev (II),4.0,"Ação,Drama,Guerra,História"
Arctic,Joe Penna,3.4,Drama
The Hurricane,Norman Jewison,4.0,"Biografia,Drama,Esporte"
1917,Sam Mendes,4.2,"Ação,Drama,Guerra"
Le chant du loup,Antonin Baudry,3.5,"Ação,Drama"
Beneath Hill 60,Jeremy Sims,3.7,"Drama,Guerra,História"
Otoko-tachi no Yamato,Junya Sato,3.8,Guerra
Signs,M. Night Shyamalan,3.5,"Drama,Ficção Científica ,Mistério"
October Sky,Joe Johnston (I),4.1,"Biografia,Drama,Família"
Knives Out,Rian Johnson,4.0,"Comédia,Drama,Policial,Suspense"
Yes Man,Peyton Reed,3.5,"Comédia,Romance"
Gagarin: Pervyy v kosmose,Pavel Parkhomenko,3.7,"Aventura,Biografia,Drama,História"
End of Watch,David Ayer,3.8,"Ação,Drama,Policial,Thriller"
Ford v Ferrari,James Mangold,3.9,"Ação,Biografia,Drama,Esporte"
They Shall Not Grow Old,Peter Jackson,4.3,"Documentário,Guerra,História"
The Irishman,Martin Scorsese,4.0,"Biografia,Drama,Policial,Thriller"
7 Cajas,Juan Carlos Maneglia,3.9,"Ação,Drama,Mistério,Suspense"
A Private War,Matthew Heineman,3.6,"Biografia,Drama,Guerra"
Uncut Gems,Benny Safdie,3.7,"Drama,Policial,Thriller"
Dolemite Is My Name,Craig Brewer,3.8,"Biografia,Comédia,Drama"
21 Grams,Alejandro G. Iñárritu,4.0,"Drama,Policial,Suspense"
The Verdict,Sidney Lumet,4.0,Drama
The Flying Scotsman,Douglas Mackinnon,3.6,"Drama,Esporte"
This Is England,Shane Meadows,4.1,"Drama,Policial"
Les Frères Sisters,Jacques Audiard,3.5,"Drama,Faroeste"
The Aeronauts,Tom Harper (III),3.5,"Aventura,Biografia,Drama"
A Vida Invisível,Karim Aïnouz,4.3,"Drama,Nacional"
Nebel im August,Kai Wessel,3.8,"Drama,História"
The People vs. Larry Flynt,Milos Forman,3.9,"Biografia,Drama"
Marriage Story,Noah Baumbach,4.0,Drama
Zombieland: Double Tap,Ruben Fleischer,3.3,"Ação,Comédia,Terror"
Jojo Rabbit,Taika Waititi,4.2,"Comédia,Drama,Guerra"
Joker,Todd Phillips (I),4.4,"Drama,Policial,Super-herói,Thriller"
Brokeback Mountain,Ang Lee,3.9,"Drama,Romance"
Stalingrad,Joseph Vilsmaier,4.0,"Drama,Guerra"
기생충,Bong Joon-ho,4.5,"Comédia,Drama,Thriller"
Ad Astra,James Gray,3.3,"Aventura,Drama,Ficção Científica ,Mistério,Thriller"
Once Upon a Time in... Hollywood,Quentin Tarantino,3.8,"Comédia,Drama,Policial,Suspense"
Remember,Atom Egoyan,4.1,"Drama,Thriller"
The Sixth Sense,M. Night Shyamalan,4.2,"Drama,Mistério,Suspense"
Bacurau,Juliano Dornelles,4.3,"Ação,Aventura,Drama,Faroeste,Mistério,Nacional,Suspense,Terror"
Ballon,Michael Herbig,3.9,"Drama,História,Thriller"
If Beale Street Could Talk,Barry Jenkins (III),3.7,"Drama,Policial,Romance"
Hotel Mumbai,Anthony Maras,4.0,"Drama,História,Thriller"
Ocean's Eleven,Steven Soderbergh,3.8,"Policial,Thriller"
Apollo 13,Ron Howard,3.6,"Aventura,Drama,História"
Salyut-7,Klim Shipenko (I),3.7,"Ação,Drama,História"
Five Feet Apart,Justin Baldoni,3.6,"Drama,Romance"
El Ángel,Luis Ortega,3.6,"Biografia,Drama,Policial"
Jumanji: Welcome to the Jungle,Jake Kasdan,3.4,"Ação,Aventura,Comédia,Fantasia"
Saving Leningrad,Aleksey Kozlov (IV),3.0,"Ação,Drama,Guerra"
Shazam!,David F. Sandberg,3.5,"Ação,Aventura,Comédia,Fantasia,Super-herói"
Avengers: Endgame,Anthony Russo (I),4.3,"Ação,Aventura,Fantasia,Ficção Científica ,Super-herói"
Rocketman,Dexter Fletcher,4.0,"Biografia,Drama,Musical"
Anthropoid,Sean Ellis (II),3.8,"Ação,Biografia,Drama,Guerra,História,Thriller"
John Wick: Chapter 3 - Parabellum,Chad Stahelski,3.9,"Ação,Policial,Thriller"
Happy Death Day 2U,Christopher Landon (II),3.0,"Comédia,Terror"
The Mule,Clint Eastwood,3.6,"Drama,Policial,Thriller"
Escape Room,Adam Robitel,3.1,"Ação,Aventura,Terror,Thriller"
Us,Jordan Peele,3.8,"Mistério,Suspense,Terror"
The Boy Who Harnessed the Wind,Chiwetel Ejiofor,4.3,Drama
Creed II,Steven Caple Jr.,3.8,"Drama,Esporte"
Gongdong Gyeongbi Guyeok JSA,Park Chan-wook (I),4.1,"Drama,Guerra,Thriller"
Green Book,Peter Farrelly,4.1,"Biografia,Comédia,Drama"
The Old Man and the Gun,David Lowery (IV),3.4,"Biografia,Comédia,Drama,Policial"
Rocky II,Sylvester Stallone,3.8,"Drama,Esporte"
The Graduate,Mike Nichols (I),4.1,"Comédia,Drama,Romance"
Flags of Our Fathers,Clint Eastwood,3.6,"Drama,Guerra,História"
Heartbreak Ridge,Clint Eastwood,3.7,"Ação,Comédia,Drama,Guerra"
Blindspotting,Carlos López Estrada,4.0,"Comédia,Drama"
Front of the Class,Peter Werner (III),4.3,"Biografia,Drama"
O Casamento de Romeu e Julieta,Bruno Barreto,2.7,"Comédia,Nacional,Romance"
Soshite Chichi ni Naru,Hirokazu Koreeda,4.3,"Drama,Família"
Assassination Nation,Sam Levinson,3.5,"Ação,Comédia,Drama,Mistério,Policial,Terror,Thriller"
[REC],Jaume Balagueró,3.6,"Suspense,Terror"
La Noche de 12 Años,Álvaro Brechner,4.3,Drama
Searching,Aneesh Chaganty,4.0,"Drama,Mistério,Thriller"
Campeones,Javier Fesser,3.8,"Comédia,Drama,Esporte"
Jersey Boys,Clint Eastwood,3.6,"Biografia,Musical"
Museo,Alonso Ruizpalacios,3.5,"Drama,Policial"
A Star Is Born,Bradley Cooper,4.0,"Drama,Música,Romance"
Mid90s,Jonah Hill,3.9,Drama
Den Skyldige,Gustav Möller (I),3.9,"Drama,Policial,Thriller"
Bird Box,Susanne Bier,3.4,"Drama,Ficção Científica ,Suspense,Terror"
A Estrada 47,Vicente Ferraz,3.3,"Drama,Guerra,História,Nacional"
Serbuan Maut 2,Gareth Evans,4.1,"Ação,Policial,Thriller"
First Man,Damien Chazelle,3.6,"Biografia,Drama,História"
Lebanon,Samuel Maoz,3.9,"Drama,Guerra"
Bohemian Rhapsody,Bryan Singer,4.1,"Biografia,Drama,Música"
BlacKkKlansman,Spike Lee,4.3,"Biografia,Drama,Policial"
Bomb City,Jameson Brooks,3.7,"Drama,Policial"
Space Cowboys,Clint Eastwood,3.3,"Ação,Aventura,Thriller"
Changeling,Clint Eastwood,4.0,"Biografia,Drama,Mistério,Thriller"
Ant-Man and the Wasp,Peyton Reed,3.6,"Ação,Aventura,Comédia,Ficção Científica ,Super-herói"
Adrift,Baltasar Kormákur,3.5,"Aventura,Biografia,Drama,Romance"
Central do Brasil,Walter Salles,4.1,"Drama,Nacional"
Mission: Impossible - Fallout,Christopher McQuarrie,3.9,"Ação,Aventura,Suspense"
Ghost Dog: The Way of the Samurai,Jim Jarmusch,3.9,"Drama,Policial,Suspense"
Casualties of War,Brian De Palma,3.8,"Aventura,Drama,Guerra"
The Exorcist,William Friedkin,4.1,Terror
First Reformed,Paul Schrader (I),3.6,"Drama,Mistério,Thriller"
Jin Ling Shi San Chai,Zhang Yimou,4.2,"Drama,Guerra,História"
Yi Jiu Si Er,Feng Xiao Gang,3.6,"Drama,Guerra,História"
The Last Samurai,Edward Zwick,3.9,"Ação,Drama,Guerra,História"
The Girl On The Train,Tate Taylor,3.6,"Drama,Mistério,Policial,Thriller"
Jusqu'à la Garde,Xavier Legrand,4.2,Drama
Tully,Jason Reitman,3.9,"Comédia,Drama"
A Prayer Before Dawn,Jean-Stéphane Sauvaire,3.6,"Ação,Biografia,Drama,Esporte,Policial"
Atonement,Joe Wright (IV),4.1,"Drama,Guerra,Mistério,Romance"
Scream,Wes Craven,3.6,"Mistério,Suspense,Terror"
Mission: Impossible - Rogue Nation,Christopher McQuarrie,3.7,"Ação,Aventura,Suspense"
Mission: Impossible - Ghost Protocol,Brad Bird,3.7,"Ação,Aventura,Suspense"
Mission: Impossible 3,J.J. Abrams,3.4,"Ação,Aventura,Suspense"
Mission: Impossible 2,John Woo (I),3.1,"Ação,Aventura,Suspense"
Mission: Impossible,Brian De Palma,3.5,"Ação,Aventura,Suspense"
Incredibles 2,Brad Bird,4.1,"Ação,Animação,Aventura,Comédia,Família,Ficção Científica ,Super-herói"
Hostiles,Scott Cooper (III),3.7,"Aventura,Drama,Faroeste"
Hereditary,Ari Aster,3.8,"Drama,Suspense,Terror"
Loving Pablo,Fernando León de Aranoa,3.3,"Biografia,Drama,Policial"
Gojijeon,Hun Jang (II),4.0,"Ação,Drama,Guerra,História"
Avengers: Infinity War,Anthony Russo (I),4.3,"Ação,Aventura,Fantasia,Ficção Científica ,Super-herói"
Bitva za Sevastopol,Sergey Mokritskiy,3.8,"Ação,Biografia,Drama,Guerra,Romance"
Ak-Nyeo,Byeong-gil Jeong,3.6,"Ação,Drama"
Sicilian Ghost Story,Antonio Piazza,,Drama
Gabriel e a Montanha,Fellipe Gamarano Barbosa,3.7,Drama
Aus Dem Nichts,Fatih Akin,3.9,"Drama,Thriller"
The Mummy,Stephen Sommers,3.5,"Ação,Aventura,Fantasia"
Mai Wei,Kang Je-Gyu,4.2,"Ação,Drama,Guerra,História"
Black Panther,Ryan Coogler,4.2,"Ação,Aventura,Ficção Científica ,Super-herói"
So-Won,Lee Joon-Ik,4.5,Drama
Cani Arrabbiati,Mario Bava,4.1,"Drama,Policial,Thriller"
Men in Black,Barry Sonnenfeld,3.5,"Ação,Aventura,Comédia,Super-herói"
A Quiet Place,John Krasinski,4.0,"Drama,Terror,Thriller"
The Way Back,Peter Weir,3.9,"Aventura,Drama,História"
Only the Brave,Joseph Kosinski,3.9,"Biografia,Drama"
Os Parças,Halder Gomes,2.1,"Comédia,Nacional"
No,Pablo Larraín,4.2,"Drama,História"
Guardians of the Galaxy Vol. 2,James Gunn (II),4.0,"Ação,Aventura,Comédia,Ficção Científica ,Super-herói"
Deadpool 2,David Leitch (I),3.8,"Ação,Aventura,Comédia,Ficção Científica ,Super-herói"
Lola Rennt,Tom Tykwer,3.8,"Ação,Policial,Suspense"
I Am Legend,Francis Lawrence (II),3.7,"Drama,Ficção Científica ,Terror,Thriller"
Kick-Ass,Matthew Vaughn,3.9,"Ação,Comédia,Policial,Super-herói"
Amen,Costa-Gavras,3.9,"Drama,Guerra"
Wonder,Stephen Chbosky,4.3,"Drama,Família"
The Count of Monte Cristo,Kevin Reynolds (I),4.1,"Ação,Aventura,Drama,Romance,Thriller"
The Bridges of Madison County,Clint Eastwood,4.2,"Drama,Romance"
"4 Luni, 3 Saptamâni Si 2 Zile",Cristian Mungiu,4.0,Drama
Cool Runnings,Jon Turteltaub,3.5,"Aventura,Comédia,Esporte,Família"
Napola,Dennis Gansel,4.1,"Drama,Esporte,Guerra,Suspense"
João,Mauro Lima,3.4,"Biografia,Drama,Música,Nacional"
The Reader,Stephen Daldry,4.1,"Drama,Romance"
Speed,Jan de Bont,3.4,"Ação,Thriller"
Million Dollar Baby,Clint Eastwood,4.2,"Drama,Esporte"
The Florida Project,Sean Baker (II),4.1,Drama
Podzemlje,Emir Kusturica,4.3,"Comédia,Drama,Guerra"
Into the White,Petter Næss,3.8,"Ação,Drama,Guerra"
The Foreigner,Martin Campbell (I),3.5,"Ação,Thriller"
Slava,Kristina Grozeva,3.9,Drama
Panic Room,David Fincher,3.4,"Policial,Suspense"
Borg vs. McEnroe,Janus Metz Pedersen,3.7,"Biografia,Drama,Esporte"
Lucky,John Carroll Lynch,4.1,Drama
120 Battements par Minute,Robin Campillo,4.0,Drama
Saw II,Darren Lynn Bousman,3.4,Terror
Tucker and Dale vs Evil,Eli Craig,3.7,"Comédia,Terror"
Saw,James Wan,3.7,"Mistério,Terror"
Coco,Lee Unkrich,4.5,"Animação,Aventura,Comédia,Família,Fantasia,Mistério,Música"
The Boss Baby,Tom McGrath,3.4,"Animação,Aventura,Comédia,Família,Fantasia"
Harry Potter and the Half-Blood Prince,David Yates,4.0,"Aventura,Família,Fantasia,Mistério"
Harry Potter and the Order of the Phoenix,David Yates,4.0,"Aventura,Família,Fantasia,Mistério"
Harry Potter and the Goblet of Fire,Mike Newell (I),4.1,"Aventura,Família,Fantasia,Mistério"
Harry Potter and the Deathly Hallows - Part 1,David Yates,4.2,"Aventura,Família,Fantasia"
Harry Potter and the Deathly Hallows - Part 2,David Yates,4.3,"Ação,Aventura,Fantasia"
Harry Potter and the Prisoner of Azkaban,Alfonso Cuarón,4.2,"Aventura,Família,Fantasia,Mistério"
Harry Potter and the Sorcerer's Stone,Chris Columbus,4.1,"Aventura,Família,Fantasia"
Kicking & Screaming,Jesse Dylan,2.8,"Comédia,Esporte,Família"
The Kite Runner,Marc Forster,3.7,Drama
Harry Potter and the Chamber of Secrets,Chris Columbus,4.1,"Aventura,Família,Fantasia,Mistério"
Lady Bird,Greta Gerwig,3.8,"Comédia,Drama"
The Usual Suspects,Bryan Singer,4.1,"Mistério,Policial,Suspense"
Juno,Jason Reitman,3.7,"Comédia,Drama,Romance"
"Three Billboards Outside Ebbing, Missouri",Martin McDonagh,4.2,"Comédia,Drama,Policial"
"I, Tonya",Craig Gillespie,4.1,"Biografia,Drama,Esporte"
Identity,James Mangold,3.8,"Mistério,Thriller"
Joyeux Noël,Christian Carion,4.2,"Drama,Guerra,História,Música"
Little Manhattan,Mark Levin (I),3.8,"Comédia,Família,Romance"
My Girl,Howard Zieff,3.9,"Drama,Família"
Home Alone,Chris Columbus,3.5,"Comédia,Família"
John Wick,Chad Stahelski,3.8,"Ação,Policial,Thriller"
John Wick: Chapter Two,Chad Stahelski,3.9,"Ação,Policial,Thriller"
The 33,Patricia Riggen,3.5,"Biografia,Drama,História"
Oldeuboi,Park Chan-wook (I),4.3,"Ação,Drama,Mistério,Thriller"
Salvador,Oliver Stone,3.6,"Biografia,Drama,Guerra,Thriller"
Bulhandang,Sung-hyun Byun,3.8,"Drama,Thriller"
Kkeutkkaji Ganda,Kim Sung Hoon,3.6,"Ação,Policial,Suspense"
3 Idiots,Rajkumar Hirani,4.3,"Comédia,Drama,Romance"
It,Andy Muschietti,3.9,"Drama,Terror,Thriller"
Bingo - O Rei das Manhãs,Daniel Rezende,4.1,"Biografia,Drama,Nacional"
Un Sac de Billes,Christian Duguay,4.1,"Biografia,Drama,Guerra,História"
Zwartboek,Paul Verhoeven,4.0,"Drama,Guerra,Suspense"
Indiana Jones and the Last Crusade,Steven Spielberg,4.0,"Ação,Aventura,Fantasia"
Hachigatsu no Kyoshikyoku,Akira Kurosawa,4.0,Drama
The Book of Henry,Colin Trevorrow,3.8,"Drama,Policial,Thriller"
Chalard Games Goeng,Nattawut Poonpiriya,4.0,"Comédia,Drama,Thriller"
Mother!,Darren Aronofsky,4.0,"Drama,Mistério,Terror"
Murder on the Orient Express,Kenneth Branagh,3.4,"Drama,Mistério,Policial"
Mudbound,Dee Rees,4.1,Drama
Sorcerer,William Friedkin,4.1,"Aventura,Drama,Thriller"
Good Time,Benny Safdie,3.8,"Drama,Policial,Thriller"
Raiders of the Lost Ark,Steven Spielberg,4.0,"Ação,Aventura,Fantasia"
Nelyubov,Andrei Zvyagintsev,3.8,Drama
Indiana Jones and the Temple of Doom,Steven Spielberg,3.9,"Ação,Aventura,Fantasia"
Kokuhaku,Tetsuya Nakashima,4.2,"Drama,Mistério,Suspense"
Vremya pervykh,Dmitry Kiselyov,3.8,"Aventura,Biografia,Drama,História"
An American Crime,Tommy O'Haver,4.0,"Biografia,Drama,Policial"
"En mai, fais ce qu'il te plaît",Christian Carion,3.8,"Drama,Guerra"
The Mountain Between Us,Hany Abu-Assad,3.2,"Drama,Romance"
Brawl in Cell Block 99,S. Craig Zahler,3.7,"Drama,Policial,Thriller"
Taeksi Woonjunsa,Hun Jang (II),4.3,"Drama,História"
Yu wo wakasuhodo no atsui ai,Ryota Nakano,4.2,"Comédia,Drama"
Salinui Chueok,Bong Joon-ho,4.1,"Drama,Mistério,Policial,Thriller"
American Made,Doug Liman,3.6,"Ação,Comédia,Drama,Policial,Thriller"
Wind River,Taylor Sheridan,3.8,"Drama,Mistério,Policial,Suspense"
A Dog's Purpose,Lasse Hallström,3.8,"Aventura,Comédia,Drama"
Happy Death Day,Christopher Landon (II),3.3,"Mistério,Suspense,Terror"
Better Watch Out,Chris Peckover,3.4,"Comédia,Terror,Thriller"
Baby Driver,Edgar Wright,4.0,"Ação,Drama,Música,Policial,Suspense"
Atomic Blonde,David Leitch (I),3.6,"Ação,Mistério,Thriller"
Storks,Doug Sweetland,3.6,"Animação,Aventura,Comédia,Família,Fantasia"
O Filme da Minha Vida,Selton Mello,3.6,"Drama,Nacional"
War Dogs,Todd Phillips (I),3.6,"Biografia,Comédia,Drama,Guerra,Policial"
Chugyeogja,Hong-jin Na,4.1,"Drama,Policial,Thriller"
Dunkirk,Christopher Nolan,3.8,"Ação,Drama,Guerra,História"
Fences,Denzel Washington,3.8,Drama
Cinderella Man,Ron Howard,4.0,"Biografia,Drama,Esporte"
Paterson,Jim Jarmusch,3.9,"Drama,Família"
The Devil's Advocate,Taylor Hackford,4.0,"Drama,Mistério,Thriller"
Hitchcock,Sacha Gervasi,3.7,"Biografia,Drama"
Demain Tout Commence,Hugo Gélin,4.0,"Comédia,Drama"
The Founder,John Lee Hancock,3.6,"Biografia,Drama,História"
The Hitman's Bodyguard,Patrick Hughes (III),3.4,"Ação,Comédia"
The Silence of the Lambs,Jonathan Demme,4.4,"Drama,Mistério,Suspense"
Red Dragon,Brett Ratner,4.0,"Policial,Thriller"
Hannibal Rising,Peter Webber (I),3.6,"Drama,Policial,Thriller"
The Lost City of Z,James Gray,3.4,"Aventura,Biografia,Drama,História"
One Day,Lone Scherfig,3.9,"Drama,Romance"
Lion,Garth Davis,4.3,"Biografia,Drama"
Split,M. Night Shyamalan,3.9,"Super-herói,Terror,Thriller"
"I, Daniel Blake",Ken Loach,4.3,Drama
Manchester by the Sea,Kenneth Lonergan,3.8,Drama
Akmareul Boatda,Kim Jee Woon,4.1,"Ação,Drama,Policial,Suspense"
El Faro de Las Orcas,Gerardo Olivares,3.7,Drama
Pirates of the Caribbean: On Stranger Tides,Rob Marshall (I),3.6,"Ação,Aventura,Fantasia"
Pirates of the Caribbean: At World's End,Gore Verbinski,3.8,"Aventura,Drama,Fantasia,Romance"
Pirates of the Caribbean: Dead Man's Chest,Gore Verbinski,3.9,"Aventura,Comédia,Drama,Fantasia,Romance"
Logan,James Mangold,4.3,"Ação,Drama,Ficção Científica ,Super-herói,Suspense"
23 Blast,Dylan Baker (I),3.5,"Drama,Esporte,Família"
Get Out,Jordan Peele,4.2,"Ficção Científica ,Mistério,Suspense,Terror"
'71,Yann Demange,3.5,"Ação,Drama,Guerra,Thriller"
Dersu Uzala,Akira Kurosawa,4.4,"Aventura,Biografia,Drama"
Pirates of the Caribbean: The Curse of the Black Pearl,Gore Verbinski,4.1,"Ação,Aventura,Fantasia"
Miss Violence,Alexandros Avranas,3.9,"Drama,Suspense"
Forushande,Asghar Farhadi,3.9,"Drama,Thriller"
Not Another Teen Movie,Joel Gallen,2.6,Comédia
Patriots Day,Peter Berg (I),3.6,"Ação,Drama,História,Policial,Thriller"
The Last of the Mohicans,Michael Mann,3.8,"Ação,Aventura,Drama,Guerra,Romance"
Silence,Martin Scorsese,3.8,"Drama,História"
Allied,Robert Zemeckis,3.5,"Ação,Drama,Guerra,Romance,Thriller"
Jackie,Pablo Larraín,3.4,"Biografia,Drama"
The Fundamentals of Caring,Rob Burnett,3.8,"Comédia,Drama"
Arrival,Denis Villeneuve,4.2,"Drama,Ficção Científica ,Mistério,Thriller"
13th,Ava DuVernay,4.6,"Documentário,Policial"
Billy Lynn's Long Halftime Walk,Ang Lee,2.8,"Drama,Guerra"
Moana,John Musker,4.1,"Animação,Aventura,Comédia,Família,Fantasia,Musical"
The Motorcycle Diaries,Walter Salles,3.9,"Aventura,Biografia,Drama"
The Secret Life of Pets,Chris Renaud,3.5,Animação
Hidden Figures,Theodore Melfi,4.3,"Biografia,Drama,História"
Hacksaw Ridge,Mel Gibson,4.2,"Biografia,Drama,Guerra,História"
Moonlight,Barry Jenkins (III),4.1,Drama
Children of Men,Alfonso Cuarón,3.9,"Aventura,Drama,Ficção Científica ,Suspense"
También la lluvia,Icíar Bollaín,4.0,Drama
Apocalypto,Mel Gibson,3.8,"Ação,Aventura,Drama"
Lethal Weapon,Richard Donner,3.7,"Ação,Policial,Thriller"
아가씨,Park Chan-wook (I),4.4,"Drama,Romance,Suspense"
Doctor Strange,Scott Derrickson,4.0,"Ação,Aventura,Fantasia,Ficção Científica ,Super-herói"
La La Land,Damien Chazelle,4.1,"Comédia,Drama,Música,Musical,Romance"
Irréversible,Gaspar Noé,4.0,"Drama,Policial,Suspense"
Teo-neol,Kim Sung Hoon,3.5,"Drama,Thriller"
Eastern Promises,David Cronenberg,3.8,"Drama,Policial,Suspense"
Gokseong,Hong-jin Na,3.9,"Drama,Fantasia,Terror"
Desierto,Jonás Cuarón,3.1,"Drama,Thriller"
Kongens Nei,Erik Poppe,3.5,"Drama,Guerra,História"
En Man Som Heter Ove,Hannes Holm,4.2,"Comédia,Drama"
Nocturnal Animals,Tom Ford,4.0,"Drama,Thriller"
Rambo IV,Sylvester Stallone,3.3,"Ação,Suspense"
Rambo: First Blood Part II,George P. Cosmatos,3.4,"Ação,Aventura,Guerra,Thriller"
The Autopsy of Jane Doe,André Øvredal,3.3,"Mistério,Terror,Thriller"
Aquarius,Kleber Mendonça Filho,4.2,"Drama,Nacional,Suspense"
Busanhaeng,Yeon Sang-Ho,4.0,"Ação,Ficção Científica ,Terror,Thriller"
Rambo III,Peter MacDonald,3.2,"Ação,Aventura,Suspense"
Die Hard,John McTiernan,3.8,"Ação,Thriller"
Loving,Jeff Nichols (VI),3.7,"Biografia,Drama,Romance"
First Blood,Ted Kotcheff,3.7,"Ação,Aventura,Suspense"
Sing Street,John Carney,4.1,"Comédia,Drama,Música,Romance"
The Place Beyond the Pines,Derek Cianfrance,3.7,"Drama,Policial,Romance,Suspense"
10 Things I Hate About You,Gil Junger,4.0,"Comédia,Romance"
The Way,Emilio Estévez,3.9,"Aventura,Comédia,Drama"
Enemy at the Gates,Jean-Jacques Annaud,4.0,"Ação,Drama,Guerra,Suspense"
Kon-Tiki,Espen Sandberg,3.9,"Aventura,História"
The Terminator,James Cameron,3.8,"Ação,Ficção Científica "
Alien,Ridley Scott,4.1,"Ficção Científica ,Terror"
The Impossible,J. A. Bayona,4.1,"Drama,História,Suspense"
The Dark Knight,Christopher Nolan,4.5,"Ação,Drama,Policial,Super-herói,Suspense"
Adventureland,Greg Mottola,3.2,Comédia
The Dark Knight Rises,Christopher Nolan,4.2,"Ação,Ficção Científica ,Super-herói,Suspense"
Der Medicus,Philipp Stölzl,3.8,"Aventura,Drama,História"
Batman Begins,Christopher Nolan,4.0,"Ação,Drama,Ficção Científica ,Policial,Super-herói,Suspense"
The Big Red One,Samuel Fuller,3.8,"Ação,Drama,Guerra"
Mon Roi,Maïwenn,3.9,"Drama,Romance"
"O Brother, Where Art Thou?",Ethan Coen,3.9,"Aventura,Comédia,Música,Policial"
In The Heart of The Sea,Ron Howard,3.6,"Ação,Aventura,Drama"
The Magnificent Seven,Antoine Fuqua,3.6,"Ação,Faroeste"
Hell or High Water,David Mackenzie (I),3.8,"Drama,Policial,Thriller"
Another Earth,Mike Cahill (VI),3.7,"Drama,Ficção Científica "
Colonia,Florian Gallenberger,3.9,"Drama,História,Romance,Thriller"
Sully,Clint Eastwood,3.6,"Biografia,Drama"
Bone Tomahawk,S. Craig Zahler,3.7,"Aventura,Faroeste,Terror"
Polytechnique,Denis Villeneuve,4.0,"Drama,História,Policial"
Green Zone,Paul Greengrass,3.5,"Ação,Drama,Guerra,Thriller"
De Rouille et D'os,Jacques Audiard,3.9,"Drama,Romance"
Du Zhan,Johnnie To,3.9,"Ação,Drama,Policial,Thriller"
Everybody Wants Some!!,Richard Linklater,3.3,Comédia
Drive,Nicolas Winding Refn,3.9,"Ação,Drama"
The Wrestler,Darren Aronofsky,4.0,"Drama,Esporte,Romance"
The Green Mile,Frank Darabont,4.4,"Drama,Fantasia,Mistério,Policial"
The Nice Guys,Shane Black,3.6,"Ação,Comédia,Policial"
Siu Lam Juk Kau,Stephen Chow (I),3.5,"Ação,Comédia,Esporte"
Indignation,James Schamus,3.3,"Drama,Romance"
Supersonic,Mat Whitecross,4.3,"Biografia,Documentário,Música"
Race,Stephen Hopkins (I),3.9,"Biografia,Drama,Esporte"
Finding Dory,Andrew Stanton,4.0,"Animação,Aventura,Comédia,Família"
Captain Fantastic,Matt Ross (I),4.4,"Comédia,Drama"
Sleeping Giant,Andrew Cividino,3.3,"Aventura,Drama"
Philadelphia,Jonathan Demme,4.2,Drama
The Siege of Jadotville,Richie Smyth,3.8,"Ação,Drama,Guerra,Thriller"
Amores Perros,Alejandro G. Iñárritu,4.2,"Drama,Thriller"
Elle,Paul Verhoeven,3.8,"Drama,Thriller"
Training Day,Antoine Fuqua,3.9,"Drama,Policial,Suspense"
Don't Breathe,Fede Alvarez,3.7,"Policial,Suspense,Terror"
Under Sandet,Martin Zandvliet,4.2,"Drama,Guerra,História"
Güeros,Alonso Ruizpalacios,4.0,"Comédia,Drama"
Red Tails,Anthony Hemingway (II),3.5,"Ação,Drama,Guerra,História"
Dazed and Confused,Richard Linklater,3.7,"Comédia,Drama"
Dope,Rick Famuyiwa,4.0,"Comédia,Drama,Policial"
The Conjuring 2,James Wan,3.8,"Mistério,Terror,Thriller"
Chocolat,Roschdy Zem,4.0,Drama
Flipped,Rob Reiner,4.1,"Comédia,Drama,Romance"
L.A. Confidential,Curtis Hanson,4.1,"Drama,Mistério,Policial,Suspense"
Control,Anton Corbijn,4.3,"Biografia,Drama,Música"
Nise: O Coração da Loucura,Roberto Berliner,4.3,"Biografia,Drama,História"
La Jaula de Oro,Diego Quemada-Diez,4.2,Drama
"Love, Rosie",Christian Ditter,3.8,"Comédia,Romance"
Estômago,Marcos Jorge,4.2,"Drama,Nacional"
Saul Fia,László Nemes,3.7,"Drama,Guerra,Thriller"
"C'est Pas Moi, Je le Jure!",Philippe Falardeau,4.4,"Comédia,Drama"
Zootopia,Byron Howard,4.2,"Animação,Aventura,Comédia,Família,Mistério,Policial"
"Good Morning, Vietnam",Barry Levinson,3.8,"Biografia,Comédia,Drama,Guerra"
Train de Vie,Radu Mihaileanu,4.3,"Comédia,Drama,Guerra"
Little Boy,Alejandro Monteverde,4.3,"Comédia,Drama,Guerra"
The Hunger Games,Gary Ross (I),3.8,"Ação,Aventura,Ficção Científica ,Suspense"
Green Room,Jeremy Saulnier,3.3,"Música,Policial,Suspense,Terror"
Bad Boys,Michael Bay,3.2,"Ação,Comédia,Policial,Thriller"
The Fighter,David O. Russell,4.0,"Biografia,Drama,Esporte"
Once Upon a Time in America,Sergio Leone,4.3,"Drama,Policial"
The Bourne Supremacy,Paul Greengrass,3.9,"Ação,Thriller"
The Big Short,Adam McKay,3.7,"Biografia,Drama"
We Need to Talk About Kevin,Lynne Ramsay,4.1,"Drama,Suspense"
Captain America: Civil War,Anthony Russo (I),3.9,"Ação,Aventura,Ficção Científica ,Super-herói"
The Bourne Ultimatum,Paul Greengrass,3.9,"Ação,Mistério,Thriller"
Le Tout Nouveau Testament,Jaco Van Dormael,3.9,Drama
The Bourne Identity,Doug Liman,3.8,"Ação,Mistério,Thriller"
The Help,Tate Taylor,4.4,Drama
Freakonomics: The Movie,Alex Gibney,3.3,Documentário
The Tree of Life,Terrence Malick,3.4,"Drama,Fantasia"
Fast & Furious,Justin Lin,3.4,"Ação,Drama,Policial"
Kriegerin / Combat Girls,David Wnendt,3.8,Drama
Fast & Furious 6,Justin Lin,3.6,"Ação,Policial,Thriller"
Furious 7,James Wan,3.8,"Ação,Policial,Thriller"
Fast Five,Justin Lin,3.4,"Ação,Policial,Suspense"
2 Fast 2 Furious,John Singleton,3.1,"Ação,Policial"
El Clan,Pablo Trapero,3.7,"Biografia,Drama,Policial"
Suburra,Stefano Sollima,3.7,"Drama,Policial,Thriller"
The Fast and the Furious: Tokyo Drift,Justin Lin,3.2,"Ação,Drama,Policial,Thriller"
Runaway Jury,Gary Fleder,3.8,"Drama,Suspense"
(500) Days of Summer,Marc Webb,4.0,"Comédia,Drama,Romance"
42,Brian Helgeland,4.1,"Biografia,Drama,Esporte"
The Fast and the Furious,Rob Cohen,3.4,"Ação,Policial,Suspense"
The Hateful Eight,Quentin Tarantino,4.1,"Drama,Faroeste,Mistério,Suspense"
Spotlight,Tom McCarthy (XXII),4.1,"Biografia,Drama,História"
Concussion,Peter Landesman,3.8,"Drama,Esporte"
Brooklyn,John Crowley (III),3.8,"Drama,Romance"
Room,Lenny Abrahamson,4.4,Drama
The Corporation,Jennifer Abbott,4.2,"Documentário,História"
Justiça,Maria Augusta Ramos,3.9,"Documentário,Nacional,Policial"
Cultures of Resistance,Iara Lee,4.7,Documentário
The Greatest Game Ever Played,Bill Paxton,3.9,"Drama,Esporte,História"
Deadpool,Tim Miller (X),4.0,"Ação,Aventura,Comédia,Super-herói"
La Giovinezza,Paolo Sorrentino,4.0,Drama
Mar Adentro,Alejandro Amenábar,4.2,"Biografia,Drama,Romance"
Meu Nome Não é Johnny,Mauro Lima,3.5,"Biografia,Comédia,Drama,Nacional"
Celda 211,Daniel Monzón,3.8,"Ação,Drama"
Never Let Me Go,Mark Romanek,3.8,"Drama,Ficção Científica ,Romance"
Seven Years in Tibet,Jean-Jacques Annaud,3.8,"Aventura,Biografia,Drama"
Creed,Ryan Coogler,4.0,"Drama,Esporte"
The Straight Story,David Lynch (I),4.2,"Biografia,Drama"
"Paris, Texas",Wim Wenders,4.3,Drama
Steve Jobs,Danny Boyle,3.5,"Biografia,Drama"
Slumdog Millionaire,Danny Boyle,4.0,"Drama,Romance,Thriller"
Ex Machina,Alex Garland,3.9,"Drama,Ficção Científica ,Mistério,Thriller"
Kes,Ken Loach,4.2,"Drama,Família"
The Danish Girl,Tom Hooper,4.0,"Biografia,Drama,Romance"
Bent,Sean Mathias,3.8,"Drama,Guerra,História,Romance"
Chinatown,Roman Polanski,4.1,"Drama,Mistério,Thriller"
127 Hours,Danny Boyle,3.8,"Biografia,Drama"
The Stanford Prison Experiment,Kyle Patrick Alvarez,3.8,"Drama,Suspense"
Sicario,Denis Villeneuve,3.7,"Ação,Drama,Policial,Thriller"
A Beautiful Mind,Ron Howard,4.3,"Biografia,Drama"
Tangerine,Sean Baker (II),4.0,"Comédia,Drama"
Bronson,Nicolas Winding Refn,3.8,"Biografia,Drama"
Crossroads,Walter Hill,4.0,"Drama,Mistério,Música,Romance"
Casa Grande,Fellipe Gamarano Barbosa,3.5,"Drama,Nacional"
The Revenant,Alejandro G. Iñárritu,4.0,"Ação,Aventura,Drama,Faroeste,Thriller"
Before Midnight,Richard Linklater,4.2,"Drama,Romance"
Stand by Me,Rob Reiner,4.3,"Aventura,Drama"
The Martian,Ridley Scott,4.0,"Aventura,Drama,Ficção Científica "
Before Sunset,Richard Linklater,4.2,"Drama,Romance"
About Time,Richard Curtis (I),4.2,"Comédia,Drama,Fantasia"
Jodaeiye Nader az Simin,Asghar Farhadi,4.2,Drama
Mr. Nobody,Jaco Van Dormael,4.3,"Drama,Fantasia,Ficção Científica ,Romance"
Requiem for a Dream,Darren Aronofsky,4.3,Drama
Chef,Jon Favreau,3.7,Comédia
Before Sunrise,Richard Linklater,4.3,"Drama,Romance"
Electrick Children,Rebecca Thomas,3.7,Drama
Rudderless,William H. Macy,4.1,"Comédia,Drama,Música"
Ran,Akira Kurosawa,4.5,"Ação,Drama,Guerra"
Empire of the Sun,Steven Spielberg,4.2,"Drama,Guerra"
Nowhere Boy,Sam Taylor-Johnson,3.8,"Biografia,Drama,Música"
The Class of '92,Danny Boyle,4.2,Documentário
Hannah Arendt,Margarethe von Trotta,4.0,"Biografia,Drama"
"Il Buono, Il Brutto, Il Cattivo",Sergio Leone,4.6,"Aventura,Faroeste"
Per Qualche Dollaro in Più,Sergio Leone,4.3,"Ação,Faroeste,Suspense"
O Dia do Galo,Cris Azzi,4.2,"Documentário,Drama,Esporte,Nacional"
Per un Pugno di Dollari,Sergio Leone,4.2,"Ação,Faroeste"
Nuovo Cinema Paradiso,Giuseppe Tornatore,4.5,Drama
Paradise Now,Hany Abu-Assad,3.9,"Drama,Guerra,Policial,Suspense"
"Roma, Città Aperta",Roberto Rossellini,4.3,"Drama,Guerra"
Natural Born Killers,Oliver Stone,4.0,"Ação,Drama,Policial,Romance"
Letters from Iwo Jima,Clint Eastwood,4.0,"Drama,Guerra,História"
Bloody Sunday,Paul Greengrass,3.8,"Drama,Guerra,História"
Falling Down,Joel Schumacher,3.9,"Drama,Policial,Thriller"
Der Untergang,Oliver Hirschbiegel,4.1,"Biografia,Drama,Guerra,História"
Mystic River,Clint Eastwood,4.1,"Drama,Mistério,Policial,Suspense"
Detachment,Tony Kaye (I),4.4,Drama
Europa Europa,Agnieszka Holland,4.0,"Drama,Guerra,História"
Woman in Gold,Simon Curtis (I),4.0,Drama
Maze Runner: The Scorch Trials,Julia Kelleher,3.4,"Ação,Aventura,Ficção Científica ,Thriller"
Danny Collins,Dan Fogelman,3.7,"Comédia,Drama"
The Great Dictator,Charles Chaplin,4.6,"Comédia,Drama,Guerra"
Ant-Man,Peyton Reed,3.7,"Ação,Aventura,Comédia,Ficção Científica ,Super-herói"
The Man from U.N.C.L.E.,Guy Ritchie,3.6,"Ação,Aventura,Comédia"
Winter on Fire: Ukraine's Fight for Freedom,Evgeny Afineevsky,4.3,Documentário
Me and Earl and the Dying Girl,Alfonso Gomez-Rejon,4.0,"Comédia,Drama"
Beasts of No Nation,Cary Fukunaga,4.3,"Drama,Guerra"
Que Horas Ela Volta?,Anna Muylaert,4.3,"Drama,Nacional"
The Little Death,Josh Lawson (II),3.7,Comédia
Mr. Holmes,Bill Condon,3.8,"Drama,Mistério"
Southpaw,Antoine Fuqua,3.8,"Ação,Drama,Esporte"
CBGB,Randall Miller,3.7,"Drama,Música"
9. april,Roni Ezra,3.5,"Drama,Guerra"
Goal II: Living the Dream,Jaume Collet-Serra,3.2,"Drama,Esporte"
Inside Out,Pete Docter,4.3,"Animação,Aventura,Comédia,Drama,Família,Fantasia"
Sem Pena,Eugênio Puppo,4.3,"Documentário,Nacional"
Lawless,John Hillcoat,3.8,"Biografia,Drama,Policial"
Avengers: Age of Ultron,Joss Whedon,3.7,"Ação,Aventura,Fantasia,Ficção Científica ,Super-herói"
The Judge,David Dobkin,3.8,Drama
Unforgiven,Clint Eastwood,4.3,Faroeste
Jarhead,Sam Mendes,3.6,"Biografia,Drama,Guerra"
Still Alice,Richard Glatzer,4.1,Drama
Memento,Christopher Nolan,4.2,"Mistério,Suspense"
Spy,Paul Feig,3.5,"Ação,Comédia,Policial"
American Pie Presents Band Camp,Steve Rash,2.6,Comédia
Munich,Steven Spielberg,3.8,"Drama,História,Suspense"
American Pie Presents Beta House,Andrew Waller,2.7,Comédia
Locke,Steven Knight,3.5,Drama
American Pie,Chris Weitz,3.3,"Comédia,Romance"
American Pie Presents The Naked Mile,Joe Nussbaum,2.6,Comédia
American Wedding,Jesse Dylan,3.2,"Comédia,Romance"
Hævnen,Susanne Bier,3.9,Drama
Inside Llewyn Davis,Ethan Coen,3.8,"Comédia,Drama,Música"
Non-Stop,Jaume Collet-Serra,3.5,"Ação,Thriller"
American Pie 2,J.B. Rogers,3.1,"Comédia,Romance"
Rosemary's Baby,Roman Polanski,3.9,"Drama,Mistério,Terror"
Fair Play,Andrea Sedlácková,3.3,Drama
Leviafan,Andrei Zvyagintsev,3.8,Drama
Goodfellas,Martin Scorsese,4.4,"Biografia,Drama,Policial,Thriller"
Mad Max: Fury Road,George Miller (II),4.2,"Ação,Aventura,Ficção Científica ,Suspense"
I Origins,Mike Cahill (VI),4.2,"Drama,Ficção Científica "
Idi i Smotri,Elem Klimov,4.5,"Drama,Guerra,Thriller"
The Fall,Tarsem Singh,4.2,"Aventura,Drama,Fantasia"
Interstellar,Christopher Nolan,4.4,"Aventura,Drama,Ficção Científica "
Apocalypse Now,Francis Ford Coppola,4.3,"Drama,Guerra"
Domínio Público,Fausto Mota,4.5,"Documentário,Nacional"
Unbroken,Angelina Jolie,3.9,"Biografia,Drama,Esporte,Guerra"
The Shining,Stanley Kubrick,4.3,"Mistério,Terror"
"McFarland, USA",Niki Caro,3.8,"Biografia,Drama,Esporte"
The Color Purple,Steven Spielberg,4.4,Drama
Mommy,Xavier Dolan,4.3,Drama
Kingsman: The Secret Service,Matthew Vaughn,4.0,"Ação,Aventura,Comédia,Super-herói"
The Pianist,Roman Polanski,4.4,"Biografia,Drama,Guerra"
The Departed,Martin Scorsese,4.2,"Drama,Policial,Thriller"
Inception,Christopher Nolan,4.4,"Ação,Ficção Científica ,Thriller"
12 Angry Men,Sidney Lumet,4.6,Drama
The Maze Runner,Wes Ball,3.6,"Ação,Ficção Científica ,Mistério,Thriller"
Raging Bull,Martin Scorsese,4.2,"Biografia,Drama,Esporte"
Dead Poets Society,Peter Weir,4.3,Drama
Braveheart,Mel Gibson,4.1,"Biografia,Drama,Guerra,História"
Argo,Ben Affleck,3.9,"Biografia,Drama,História,Thriller"
Big Hero 6,Chris Williams (IX),4.2,"Ação,Animação,Aventura,Comédia,Drama,Família,Ficção Científica ,Super-herói"
The Imitation Game,Morten Tyldum,4.3,"Biografia,Drama,Guerra,Thriller"
Selma,Ava DuVernay,4.2,"Drama,História"
Birdman or (The Unexpected Virtue of Ignorance),Alejandro G. Iñárritu,3.8,"Comédia,Drama,Super-herói"
Wild,Jean-Marc Vallée,3.8,"Biografia,Drama"
American Sniper,Clint Eastwood,3.6,"Ação,Biografia,Drama,Guerra"
Le Gamin au Vélo,Jean-Pierre Dardenne,3.7,Drama
The Grand Budapest Hotel,Wes Anderson (I),4.2,"Aventura,Comédia,Drama"
The Damned United,Tom Hooper,4.0,"Biografia,Drama,Esporte"
Rounders,John Dahl,3.6,"Drama,Policial"
The Book Thief,Brian Percival,4.0,"Drama,Guerra"
How to Train Your Dragon 2,Dean DeBlois,4.1,Animação
Whiplash,Damien Chazelle,4.4,"Drama,Música"
Foxcatcher,Bennett Miller,3.3,"Biografia,Drama,Esporte"
Tore tanzt,Katrin Gebbe,3.8,"Drama,Policial,Terror,Thriller"
Gone Girl,David Fincher,4.2,"Drama,Mistério,Policial,Suspense"
Jurassic Park,Steven Spielberg,3.9,"Aventura,Ficção Científica ,Suspense"
How to Train Your Dragon,Chris Sanders (II),4.2,"Animação,Aventura,Comédia,Drama,Família,Fantasia"
El Secreto de Sus Ojos,Juan José Campanella,4.3,"Drama,Mistério,Thriller"
Twelve Monkeys,Terry Gilliam,3.9,"Drama,Ficção Científica ,Suspense"
Radio,Michael Tollin,4.0,"Biografia,Drama,Esporte"
Scent of a Woman,Martin Brest,4.3,Drama
Blow,Ted Demme,3.9,"Biografia,Drama,Policial"
The Last King of Scotland,Kevin Macdonald (I),4.0,"Biografia,Drama,História,Suspense"
The F Word,Michael Dowse (I),3.5,"Comédia,Drama,Romance"
Crash,Paul Haggis,3.9,"Drama,Policial,Thriller"
The Selfish Giant,Clio Barnard,3.8,Drama
John Q,Nick Cassavetes,3.9,"Drama,Suspense"
Nightcrawler,Dan Gilroy,4.0,"Drama,Policial,Thriller"
Looper,Rian Johnson,3.6,"Ação,Drama,Ficção Científica ,Thriller"
Coach Carter,Thomas Carter (II),4.0,"Biografia,Drama,Esporte"
Hot Fuzz,Edgar Wright,3.9,"Ação,Comédia"
Antichrist,Lars Von Trier,3.5,"Drama,Experimental,Terror"
Back to the Future Part III,Robert Zemeckis,4.1,"Aventura,Comédia,Faroeste,Ficção Científica "
Saving Mr. Banks,John Lee Hancock,3.8,"Biografia,Comédia,Drama"
The Theory of Everything,James Marsh,4.1,"Biografia,Drama,Romance"
Dumb & Dumber,Bobby Farrelly,3.1,Comédia
Guardians of the Galaxy,James Gunn (II),4.1,"Ação,Aventura,Comédia,Ficção Científica ,Super-herói"
Fury,David Ayer,3.9,"Ação,Drama,Guerra"
Mandariinid,Zaza Urushadze,4.3,"Drama,Guerra"
Shooter,Antoine Fuqua,3.7,"Ação,Drama,Suspense"
Legends of the Fall,Edward Zwick,3.8,"Drama,Faroeste,Guerra,Romance"
Tyskungen,Per Hanefjord,3.3,Suspense
Boyz n the Hood,John Singleton,4.0,"Drama,Policial"
C'era una Volta il West,Sergio Leone,4.4,"Drama,Faroeste"
Amistad,Steven Spielberg,3.9,"Drama,História,Mistério"
Primal Fear,Gregory Hoblit,4.1,"Drama,Mistério,Policial,Suspense"
Back to the Future Part II,Robert Zemeckis,4.2,"Aventura,Comédia,Ficção Científica "
Little Man Tate,Jodie Foster,3.6,Drama
Max Manus,Espen Sandberg,3.7,"Biografia,Drama,Guerra,História"
Miracle,Gavin O'Connor (I),3.4,"Drama,Esporte,Família,História"
Yip Man,Wilson Yip (I),4.2,"Ação,Biografia,Drama"
Black Hawk Down,Ridley Scott,3.8,"Ação,Drama,Guerra,História"
Lucy,Luc Besson,3.3,"Ação,Ficção Científica ,Super-herói,Thriller"
Incendies,Denis Villeneuve,4.5,"Drama,Guerra,Mistério"
The Woodsman,Nicole Kassell,3.6,Drama
Der Rote Baron,Nikolai Müllerschön,3.5,"Ação,Aventura,Biografia,Drama,Guerra,História"
Léon,Luc Besson,4.3,"Ação,Drama,Policial,Suspense"
Quebrando o Tabu,Fernando Grostein Andrade,4.0,"Documentário,Nacional"
Rain Man,Barry Levinson,4.1,Drama
How to Be a Man,Chadd Harbold,3.1,Comédia
Searching for Bobby Fischer,Steven Zaillian,3.9,"Biografia,Drama"
Xin Hai Ge Ming,Jackie Chan,3.4,"Ação,Aventura,Drama,Guerra,História"
Airplane!,David Zucker (I),3.6,Comédia
Dawn of the Dead,Zack Snyder,3.5,"Ação,Terror"
A Hora da Estrela,Suzana Amaral,3.9,"Drama,Nacional"
Battle of Britain,Guy Hamilton (I),3.5,"Ação,Drama,Guerra,História"
The English Patient,Anthony Minghella,3.7,"Drama,Guerra,Romance"
Lord of the Flies,Harry Hook,3.7,"Aventura,Drama,Thriller"
Getúlio,João Jardim (I),3.1,"Biografia,Drama,História,Nacional,Suspense"
Serbuan Maut,Gareth Evans,3.9,"Ação,Policial,Thriller"
War Horse,Steven Spielberg,4.0,"Aventura,Drama,Guerra"
Sin City,Frank Miller (II),3.8,"Policial,Thriller"
Hugo,Martin Scorsese,4.0,"Aventura,Família,Fantasia,Mistério"
The Fault in Our Stars,Josh Boone,3.7,"Drama,Romance"
Hoje Eu Quero Voltar Sozinho,Daniel Ribeiro,4.1,"Drama,Nacional,Romance"
Captain America: The Winter Soldier,Anthony Russo (I),4.0,"Ação,Aventura,Ficção Científica ,Super-herói,Thriller"
22 Jump Street,Christopher Miller (II),3.5,"Ação,Comédia,Policial"
Avatar,James Cameron,3.6,"Ação,Aventura,Fantasia,Ficção Científica "
8 Mile,Curtis Hanson,3.5,"Drama,Música"
Capitães da Areia,Cecília Amado,3.3,"Drama,Nacional"
Carrie,Brian De Palma,3.7,"Drama,Mistério,Terror"
Seven Pounds,Gabriele Muccino,4.0,"Drama,Mistério"
Inglourious Basterds,Quentin Tarantino,4.4,"Aventura,Drama,Guerra"
Despicable Me,Chris Renaud,4.0,"Animação,Comédia,Família,Fantasia,Ficção Científica "
Before the Devil Knows You're Dead,Sidney Lumet,3.7,"Drama,Policial,Suspense"
La Vie d'Adèle,Abdellatif Kechiche,3.7,"Drama,Romance"
"Me, Myself & Irene",Bobby Farrelly,3.5,Comédia
Rescue Dawn,Werner Herzog,3.7,"Aventura,Biografia,Guerra"
Friends With Benefits,Will Gluck,3.5,"Comédia,Romance"
The Curious Case of Benjamin Button,David Fincher,4.1,"Drama,Fantasia,Romance"
Crank,Brian Taylor (V),3.2,"Ação,Policial,Thriller"
Earthlings,Shaun Monson,4.5,Documentário
Skyfall,Sam Mendes,3.9,"Ação,Aventura,Suspense"
The Double,Richard Ayoade,3.5,"Comédia,Drama,Thriller"
Puncture,Adam Kassen,3.6,"Biografia,Drama"
21 Jump Street,Christopher Miller (II),3.6,Comédia
The Hurt Locker,Kathryn Bigelow,3.5,"Ação,Drama,Guerra,Thriller"
Taegukgi hwinalrimyeo,Kang Je-Gyu,4.1,"Ação,Drama,Guerra"
The Butterfly Effect,Eric Bress,4.0,"Drama,Ficção Científica ,Thriller"
20 Centavos,Tiago Tambelli,3.3,"Documentário,História"
Back to the Future,Robert Zemeckis,4.4,"Aventura,Comédia,Ficção Científica "
Carlito's Way,Brian De Palma,4.2,"Drama,Policial,Thriller"
Vanilla Sky,Cameron Crowe,3.8,"Ficção Científica ,Mistério,Romance,Thriller"
Joan of Arc,Christian Duguay,3.1,"Aventura,Biografia,Drama"
Defiance,Edward Zwick,3.9,"Ação,Drama,Guerra,História,Suspense"
Die Fälscher,Stefan Ruzowitzky,4.0,"Drama,Guerra,História"
Lord of War,Andrew Niccol,3.8,"Drama,Policial,Suspense"
Le Fabuleux Destin D'Amélie Poulain,Jean-Pierre Jeunet,4.3,"Comédia,Romance"
Up In Smoke,Lou Adler,3.9,Comédia
The Thin Red Line,Terrence Malick,3.9,"Ação,Drama,Guerra"
Sky High,Mike Mitchell (VI),2.7,"Ação,Aventura,Comédia,Super-herói"
Awakenings,Penny Marshall (I),4.3,"Biografia,Drama"
The Omen,Richard Donner,3.9,"Mistério,Suspense,Terror"
The Joneses,Derrick Borte,3.2,"Comédia,Drama"
Borat: Cultural Learnings of America for Make Benefit Glorious Nation of Kazakhstan,Larry Charles (I),3.4,Comédia
Divergent,Neil Burger,3.5,"Aventura,Ficção Científica ,Mistério"
Cop Land,James Mangold,3.2,"Drama,Policial,Suspense"
Men of Honor,George Tillman Jr.,4.2,"Biografia,Drama"
I Am David,Paul Feig,4.1,"Aventura,Drama"
Cape Fear,Martin Scorsese,3.8,"Policial,Suspense,Terror"
The Bridge on the River Kwai,David Lean,4.1,"Aventura,Drama,Guerra"
Filth,Jon S. Baird,3.7,"Comédia,Drama,Policial"
Unbreakable,M. Night Shyamalan,3.7,"Drama,Ficção Científica ,Mistério,Super-herói,Suspense"
Donnie Brasco,Mike Newell (I),3.8,"Biografia,Drama,Policial"
Cashback,Sean Ellis (II),3.7,"Comédia,Drama"
The Talented Mr. Ripley,Anthony Minghella,3.8,"Drama,Policial,Suspense"
Over the Hedge,Karey Kirkpatrick,3.3,"Animação,Aventura,Comédia,Família"
Donnie Darko,Richard Kelly (II),4.2,"Drama,Ficção Científica ,Mistério"
Paraísos Artificiais,Marcos Prado,3.2,"Drama,Nacional"
Toy Story 3,Lee Unkrich,4.3,"Animação,Aventura,Comédia,Família,Fantasia"
Watchmen,Zack Snyder,4.0,"Ação,Drama,Mistério,Super-herói"
Monsters Inc.,Pete Docter,4.2,"Animação,Aventura,Comédia,Família,Fantasia"
Toy Story 2,John Lasseter,4.0,"Animação,Aventura,Comédia,Família,Fantasia"
Clue,Jonathan Lynn,3.8,"Comédia,Mistério,Policial,Suspense"
Midnight in Paris,Woody Allen,4.0,"Comédia,Fantasia,Romance"
The Bang Bang Club,Steve Silver,4.0,"Biografia,Drama,História"
Poseidon,Wolfgang Petersen,2.9,"Ação,Aventura,Drama,Suspense"
Cidade de Deus,Fernando Meirelles,4.2,"Drama,Nacional,Policial"
Toy Story,John Lasseter,4.2,"Animação,Aventura,Comédia,Família,Fantasia"
High Plains Drifter,Clint Eastwood,3.8,"Drama,Faroeste"
Los Amantes Pasajeros,Pedro Almodóvar,3.1,Comédia
The Great Escape,John Sturges,4.1,"Ação,Drama,Guerra"
Das Boot,Wolfgang Petersen,4.2,"Aventura,Drama,Guerra,Suspense"
Goal!,Danny Cannon,3.5,"Drama,Esporte,Romance"
Taxi Driver,Martin Scorsese,4.2,"Drama,Policial,Thriller"
Nymphomaniac: Volume II,Lars Von Trier,3.6,Drama
Stand Up Guys,Fisher Stevens,3.3,"Comédia,Policial,Thriller"
Olympus Has Fallen,Antoine Fuqua,3.3,"Ação,Suspense,Thriller"
The Truman Show,Peter Weir,4.2,"Comédia,Drama,Ficção Científica "
Delivery Man,Ken Scott (V),3.4,"Comédia,Drama"
Intouchables,Eric Toledano,4.4,"Biografia,Comédia,Drama"
Grudge Match,Peter Segal,3.5,"Comédia,Drama,Esporte"
300: Rise of an Empire,Noam Murro,3.2,"Ação,Drama,Fantasia,Guerra,História"
Lucía y el Sexo,Julio Medem,3.7,"Drama,Romance"
Nymphomaniac: Volume I,Lars Von Trier,3.7,Drama
Hotel Rwanda,Terry George (I),4.1,"Biografia,Drama,Guerra,História"
Das Leben der Anderen,Florian Henckel von Donnersmarck,4.3,Drama
Flyboys,Tony Bill (I) ,3.5,"Ação,Aventura,Drama,Guerra"
Four Rooms,Alexandre Rockwell,3.4,Comédia
Fargo,Ethan Coen,3.9,"Comédia,Policial,Thriller"
From Dusk Till Dawn,Robert Rodriguez,3.7,"Ação,Fantasia,Policial,Terror"
The Life of David Gale,Alan Parker,4.2,"Drama,Policial,Suspense"
Die Welle,Dennis Gansel,4.2,"Drama,Thriller"
No Country for Old Men,Ethan Coen,4.1,"Drama,Policial,Suspense"
Paths of Glory,Stanley Kubrick,4.4,"Drama,Guerra,História"
District 9,Neill Blomkamp,3.7,"Ação,Ficção Científica ,Thriller"
The Lord of the Rings: The Two Towers,Peter Jackson,4.4,"Aventura,Fantasia"
Death Proof,Quentin Tarantino,3.9,"Ação,Suspense"
Brother Bear,Aaron Blaise,3.9,"Animação,Aventura,Família,Fantasia"
Trainspotting,Danny Boyle,4.2,"Drama,Policial"
The Karate Kid,John G. Avildsen,3.5,"Ação,Drama,Esporte"
Tropic Thunder,Ben Stiller,3.2,"Ação,Comédia,Guerra"
Open Season,Jill Culton,3.1,"Animação,Aventura,Comédia,Família"
Cars,John Lasseter,3.4,"Animação,Aventura,Comédia,Esporte,Família"
Surf's Up,Ash Brannon,3.3,"Animação,Comédia,Esporte,Família"
The Karate Kid,Harald Zwart,3.2,"Ação,Drama,Esporte,Família"
Driving Miss Daisy,Bruce Beresford,3.9,"Comédia,Drama"
Gifted Hands: The Ben Carson Story,Thomas Carter (II),4.1,"Biografia,Drama"
The Italian Job,F. Gary Gray,3.6,"Ação,Policial,Suspense"
Bolt,Byron Howard,3.3,"Animação,Aventura,Comédia,Drama,Família,Super-herói"
Amadeus,Milos Forman,4.4,"Biografia,Drama,Música"
The Croods,Chris Sanders (II),3.7,"Animação,Aventura,Comédia,Família,Fantasia"
Jackass Presents: Bad Grandpa,Jeff Tremaine,3.2,Comédia
Gladiator,Ridley Scott,4.2,"Ação,Aventura,Drama"
Click,Frank Coraci (I),3.4,"Comédia,Drama,Fantasia,Romance"
La Nostra Vita,Daniele Luchetti,3.7,"Comédia,Drama"
On the Road,Walter Salles,3.3,"Aventura,Drama"
Out of the Furnace,Scott Cooper (III),3.4,"Drama,Policial,Thriller"
The Longest Yard,Peter Segal,3.3,"Comédia,Esporte,Policial"
All Is Lost,J. C. Chandor,3.4,"Ação,Drama"
Dallas Buyers Club,Jean-Marc Vallée,4.3,"Biografia,Drama"
Her,Spike Jonze,4.2,"Drama,Ficção Científica ,Romance"
Unaccompanied Minors,Paul Feig,3.1,"Aventura,Comédia,Família"
Enough Said,Nicole Holofcener,3.5,"Comédia,Drama,Família,Romance"
Dog Day Afternoon,Sidney Lumet,4.2,"Drama,Policial"
Jagten,Thomas Vinterberg,4.2,Drama
Everything is Illuminated,Liev Schreiber,3.9,"Comédia,Drama"
Lone Survivor,Peter Berg (I),3.8,"Ação,Biografia,Drama,Guerra,Thriller"
El Midan,Jehane Noujaim,4.4,"Documentário,Drama,História"
The Pink Panther,Shawn Levy,2.9,"Aventura,Comédia,Mistério,Policial"
La Vita è Bella,Roberto Benigni,4.5,"Comédia,Drama,Guerra,Romance"
O Ano em Que Meus Pais Saíram de Férias,Cao Hamburger,3.7,"Drama,Nacional"
The Prestige,Christopher Nolan,4.2,"Drama,Mistério,Suspense"
American Hustle,David O. Russell,3.4,"Comédia,Drama,Policial"
Short Term 12,Destin Daniel Cretton,4.3,Drama
Psycho,Alfred Hitchcock,4.4,"Mistério,Suspense,Terror"
Inside Man,Spike Lee,3.8,"Drama,Policial,Suspense"
Revolver,Guy Ritchie,3.5,"Mistério,Policial,Thriller"
Hachi: A Dog's Tale,Lasse Hallström,4.3,"Drama,Família"
2012,Roland Emmerich,2.6,"Ação,Drama,Ficção Científica ,Thriller"
Escape from Alcatraz,Don Siegel,4.0,"Biografia,Drama,Policial,Suspense"
The Wolf of Wall Street,Martin Scorsese,4.1,"Biografia,Comédia,Drama,Policial"
Marley & Me,David Frankel,3.9,"Comédia,Drama,Família,Romance"
The Patriot,Roland Emmerich,3.7,"Ação,Drama,Guerra"
A Grande Família - O Filme,Maurício Farias,2.6,"Comédia,Nacional"
Paranormal Activity: The Marked Ones,Christopher Landon (II),2.4,"Mistério,Suspense,Terror"
12 Years a Slave,Steve McQueen (III),4.3,"Biografia,Drama,História"
The Last Legion,Doug Lefler,2.9,"Ação,Aventura,Fantasia"
Stardust,Matthew Vaughn,3.6,"Aventura,Família,Fantasia,Romance"
The Family,Luc Besson,3.4,"Ação,Policial,Thriller"
El Laberinto del Fauno,Guillermo del Toro,4.2,"Drama,Fantasia,Guerra"
Butterfly on a Wheel,Mike Barker (I),3.5,"Drama,Policial,Suspense"
The Spectacular Now,James Ponsoldt,3.2,"Comédia,Drama,Romance"
Carandiru,Héctor Babenco,3.7,"Drama,Nacional,Policial"
The Golden Compass,Chris Weitz,3.1,"Aventura,Família,Fantasia"
Quarantine 2: Terminal,John Pogue (I),2.6,"Ficção Científica ,Mistério,Terror"
Quarantine,John Erick Dowdle,2.7,"Mistério,Terror,Thriller"
Rocky,John G. Avildsen,4.1,"Drama,Esporte"
Machete Kills,Robert Rodriguez,3.1,"Ação,Comédia,Policial,Thriller"
Zombieland,Ruben Fleischer,3.7,"Ação,Comédia,Ficção Científica ,Terror"
The Bridge,Eric Steel,4.0,Documentário
Rush,Ron Howard,4.2,"Ação,Biografia,Drama,Esporte"
The Terminal,Steven Spielberg,3.8,"Comédia,Drama"
There Will Be Blood,Paul Thomas Anderson,4.3,Drama
A Clockwork Orange,Stanley Kubrick,4.3,"Drama,Ficção Científica ,Policial"
Indiana Jones and the Kingdom of the Crystal Skull,Steven Spielberg,3.2,"Ação,Aventura"
The Mist,Frank Darabont,3.5,"Ficção Científica ,Terror,Thriller"
Good Will Hunting,Gus Van Sant,4.2,Drama
The Shawshank Redemption,Frank Darabont,4.6,"Drama,Policial"
The Other Half,,1.6,"Comédia,Romance"
The Water Horse,Jay Russell,3.4,"Aventura,Família,Fantasia,Guerra"
God Bless America,Bobcat Goldthwait,4.0,"Ação,Comédia"
Push,Paul McGuigan (I),3.0,"Ação,Ficção Científica ,Super-herói,Thriller"
Bo Bui Gai Wak,Benny Chan (I),3.0,"Ação,Comédia,Drama"
Dodgeball: A True Underdog Story,Rawson Marshall Thurber,2.9,"Comédia,Esporte"
Ghost Rider,Mark Steven Johnson,2.7,"Ação,Fantasia,Super-herói,Terror"
Night at the Museum,Shawn Levy,3.1,"Aventura,Comédia,Família,Fantasia"
Shaun of the Dead,Edgar Wright,3.7,"Comédia,Terror"
Madagascar,Eric Darnell,3.7,"Animação,Aventura,Comédia,Família"
Submarine,Richard Ayoade,4.0,"Comédia,Drama,Romance"
Eternal Sunshine of the Spotless Mind,Michel Gondry,4.3,"Drama,Ficção Científica ,Romance"
Platoon,Oliver Stone,4.0,"Drama,Guerra"
Act Of Valor,Mike McCoy,3.5,"Ação,Aventura,Guerra,Suspense"
Green Street Hooligans,Lexi Alexander,3.8,"Drama,Esporte,Policial"
Up,Pete Docter,4.3,"Animação,Aventura,Comédia,Drama,Família"
One Flew Over the Cuckoo's Nest,Milos Forman,4.4,Drama
The Butler,Lee Daniels,4.0,"Biografia,Drama"
"The Way, Way Back",Jim Rash,3.7,"Comédia,Drama"
The Lord of the Rings: The Fellowship of the Ring,Peter Jackson,4.4,"Aventura,Drama,Fantasia"
Tropa de Elite 2: O Inimigo Agora é Outro,José Padilha,4.1,"Ação,Drama,Nacional,Policial,Suspense"
Never Back Down 2 - The Beatdown,Michael Jai White,3.0,"Ação,Drama,Esporte"
Warrior,Gavin O'Connor (I),4.0,"Ação,Drama,Esporte"
La Cage Dorée,Ruben Alves,3.7,Comédia
Mississippi Burning,Alan Parker,4.2,"Drama,Mistério,Policial,Suspense"
The Big Lebowski,Ethan Coen,3.9,Comédia
Tropa de Elite,José Padilha,4.0,"Ação,Drama,Nacional,Policial,Suspense"
The Guardian,Andrew Davis (I),3.9,"Ação,Aventura,Drama"
The Untouchables,Brian De Palma,4.2,Policial
Prison Break - The Final Break,Brad Turner (I),4.0,"Ação,Drama,Suspense"
Hasta la Vista!,Geoffrey Enthoven,4.1,"Comédia,Drama"
The Perks of Being a Wallflower,Stephen Chbosky,4.2,"Drama,Romance"
Gangs of New York,Martin Scorsese,3.8,"Drama,Policial"
Top Gun,Tony Scott,3.5,"Ação,Drama,Romance"
Nordvest,Michael Noer,3.3,"Drama,Policial,Thriller"
Cine Holliúdy,Halder Gomes,3.5,"Comédia,Nacional"
Oh Boy,Jan Ole Gerster,3.8,Drama
Charlie Countryman,Fredrik Bond,3.6,"Comédia,Drama,Romance,Thriller"
Contagion,Steven Soderbergh,3.2,"Drama,Ficção Científica ,Thriller"
The East,Zal Batmanglij,3.7,"Drama,Policial,Thriller"
Heat,Michael Mann,4.0,"Ação,Drama,Policial,Suspense"
The Incredibles,Brad Bird,3.9,"Ação,Animação,Aventura,Família,Ficção Científica ,Super-herói"
American Beauty,Sam Mendes,4.1,Drama
Prisoners,Denis Villeneuve,4.1,"Drama,Mistério,Policial,Thriller"
Gravity,Alfonso Cuarón,3.9,"Drama,Ficção Científica ,Suspense"
Captain Phillips,Paul Greengrass,4.0,"Ação,Aventura,Biografia,Drama,Thriller"
We're the Millers,Rawson Marshall Thurber,3.6,Comédia
The Broken Circle Breakdown,Felix van Groeningen,4.3,"Drama,Música"
The Proposal,Anne Fletcher,3.5,"Comédia,Drama,Romance"
The Great Raid,John Dahl,3.5,"Ação,Drama,Guerra"
White House Down,Roland Emmerich,3.4,"Ação,Drama,Thriller"
Schindler's List,Steven Spielberg,4.6,"Biografia,Drama,Guerra,História"
Catch Me If You Can,Steven Spielberg,4.2,"Biografia,Drama,Policial"
My Sister's Keeper,Nick Cassavetes,4.2,Drama
Perfume: The Story of a Murderer,Tom Tykwer,4.0,"Drama,Fantasia,Policial"
The Breakfast Club,John Hughes (I),4.2,"Comédia,Drama"
Casino,Martin Scorsese,4.2,"Biografia,Drama,Policial"
Silver Linings Playbook,David O. Russell,3.7,"Comédia,Drama,Romance"
50/50,Jonathan Levine,3.9,"Comédia,Drama"
Shutter Island,Martin Scorsese,4.2,"Drama,Mistério,Thriller"
Jackass Number Two,Jeff Tremaine,3.5,"Comédia,Documentário"
Due Date,Todd Phillips (I),3.3,Comédia
Man of Steel,Zack Snyder,3.6,"Ação,Aventura,Ficção Científica ,Super-herói"
The Kings of Summer,Jordan Vogt-Roberts,3.6,"Aventura,Comédia,Drama"
School for Scoundrels,Todd Phillips (I),2.8,Comédia
World War Z,Marc Forster,3.5,"Ação,Drama,Ficção Científica ,Terror"
The Hangover Part III,Todd Phillips (I),3.3,Comédia
The Conjuring,James Wan,3.8,"Mistério,Terror,Thriller"
American Psycho,Mary Harron (I),3.7,"Drama,Policial,Suspense"
The Warriors,Walter Hill,4.0,"Ação,Policial,Thriller"
The Others,Alejandro Amenábar,4.1,"Drama,Mistério,Suspense,Terror"
Now You See Me,Louis Leterrier,3.8,"Mistério,Policial,Thriller"
Seven,David Fincher,4.3,"Drama,Mistério,Policial,Suspense"
Reservoir Dogs,Quentin Tarantino,4.2,"Drama,Policial"
Pearl Harbor,Michael Bay,3.6,"Ação,Drama,Guerra,Romance"
Jackass 3,Jeff Tremaine,3.5,"Ação,Comédia,Documentário"
The Ring,Gore Verbinski,3.4,"Mistério,Suspense,Terror"
The Avengers,Joss Whedon,4.0,"Ação,Aventura,Fantasia,Ficção Científica ,Super-herói"
Pain & Gain,Michael Bay,3.0,"Ação,Biografia,Comédia,Drama,Policial,Thriller"
The Boy in the Striped Pyjamas,Mark Herman (I),4.2,"Drama,Guerra,História"
Bruce Almighty,Tom Shadyac,3.5,"Comédia,Drama,Fantasia"
American Reunion,Hayden Schlossberg,3.4,"Comédia,Romance"
Jackass 3.5,Jeff Tremaine,3.5,"Comédia,Documentário"
Ferris Bueller's Day Off,John Hughes (I),4.2,Comédia
Titanic,James Cameron,4.0,"Drama,Romance"
Charlie and the Chocolate Factory,Tim Burton,3.7,"Aventura,Comédia,Família,Fantasia,Musical"
The King's Speech,Tom Hooper,4.0,"Biografia,Drama,História"
Percy Jackson & the Olympians: The Lightning Thief,Chris Columbus,2.8,"Aventura,Família,Fantasia"
Full Metal Jacket,Stanley Kubrick,4.3,"Drama,Guerra"
Superbad,Greg Mottola,3.6,Comédia
Master and Commander: The Far Side of the World,Peter Weir,3.4,"Ação,Aventura,Drama,Guerra"
Forrest Gump,Robert Zemeckis,4.5,"Drama,Romance"
The Godfather: Part II,Francis Ford Coppola,4.6,"Drama,Policial"
The Grudge,Takashi Shimizu (I),2.8,"Mistério,Suspense,Terror"
Pulp Fiction,Quentin Tarantino,4.4,"Drama,Policial,Suspense"
The Godfather,Francis Ford Coppola,4.7,"Drama,Policial"
"The Chronicles of Narnia: The Lion, the Witch and the Wardrobe",Andrew Adamson,3.8,"Aventura,Família,Fantasia"
The Pursuit of Happyness,Gabriele Muccino,4.2,"Biografia,Drama"
300,Zack Snyder,3.8,"Ação,Drama,Fantasia,Guerra,História"
Jackass: The Movie,Jeff Tremaine,3.3,"Ação,Comédia,Documentário"
The Hangover,Todd Phillips (I),3.7,Comédia
The School of Rock,Richard Linklater,3.7,"Comédia,Música"
Disturbia,D. J. Caruso,3.5,"Drama,Mistério,Thriller"
The Hangover 2,Todd Phillips (I),3.5,"Aventura,Comédia"
Machete,Ethan Maniquis,3.6,"Ação,Comédia,Policial,Thriller"
National Treasure,Jon Turteltaub,3.3,"Ação,Aventura,Mistério"
Invictus,Clint Eastwood,3.8,"Biografia,Drama,Esporte,História"
The Dictator,Larry Charles (I),3.2,Comédia
The Bucket List,Rob Reiner,4.0,"Aventura,Comédia,Drama"
Blood Diamond,Edward Zwick,4.0,"Aventura,Drama,Thriller"
Troy,Wolfgang Petersen,3.6,"Aventura,Drama"
Moneyball,Bennett Miller,3.7,"Biografia,Drama,Esporte"
The Deer Hunter,Michael Cimino (I),4.0,"Drama,Guerra"
Public Enemies,Michael Mann,3.6,"Biografia,Drama,História,Policial"
Serpico,Sidney Lumet,4.1,"Biografia,Drama,Policial"
The Last House on the Left,Dennis Iliadis,3.5,"Policial,Terror,Thriller"
American History X,Tony Kaye (I),4.4,"Drama,Policial"
Dead Man Down,Niels Arden Oplev,3.2,"Ação,Drama,Policial"
Hansel and Gretel: Witch Hunters,Tommy Wirkola,3.2,"Ação,Fantasia,Terror"
Dark Skies,Scott Stewart (XX),3.3,"Ficção Científica ,Terror,Thriller"
Project X,Nima Nourizadeh,3.5,Comédia
Taking Woodstock,Ang Lee,3.7,"Comédia,Drama,História,Música,Romance"
Magnum Force,Ted Post,3.9,"Ação,Drama,Policial,Suspense"
Dirty Harry,Don Siegel,3.9,"Ação,Policial,Thriller"
"Star Wars, Episode I: The Phantom Menace",George Lucas,3.6,"Ação,Aventura,Fantasia"
Django Unchained,Quentin Tarantino,4.4,"Drama,Faroeste"
"Star Wars, Episode II: Attack of the Clones",George Lucas,3.7,"Ação,Aventura,Fantasia,Ficção Científica "
Fight Club,David Fincher,4.5,Drama
The Football Factory,Nick Love (I),3.4,Drama
Captain America: The First Avenger,Joe Johnston (I),3.5,"Ação,Aventura,Ficção Científica ,Guerra,Super-herói"
Star Wars,George Lucas,4.3,"Ação,Aventura,Fantasia,Ficção Científica "
The Amazing Spider-Man,Marc Webb,3.4,"Ação,Aventura,Ficção Científica ,Super-herói"
"Star Wars, Episode VI: Return of the Jedi",Richard Marquand,4.3,"Ação,Aventura,Fantasia,Ficção Científica "
"Star Wars, Episode III: Revenge of the Sith",George Lucas,4.1,"Ação,Aventura,Fantasia,Ficção Científica "
"Star Wars, Episode V: The Empire Strikes Back",Irvin Kershner,4.4,"Ação,Aventura,Fantasia,Ficção Científica "
Empire of Dreams: The Story of the 'Star Wars' Trilogy,Edith Becker,4.3,"Documentário,História"
The Possession,Ole Bornedal,2.8,"Suspense,Terror"
The Call,Brad Anderson (II),3.7,"Drama,Thriller"
Saving Private Ryan,Steven Spielberg,4.2,"Ação,Drama,Guerra"
Scarface,Brian De Palma,4.4,"Drama,Policial"
Snatch,Guy Ritchie,4.2,"Comédia,Policial,Suspense"
Orphan,Jaume Collet-Serra,3.6,"Drama,Mistério,Suspense,Terror"
Side Effects,Steven Soderbergh,3.6,"Drama,Thriller"
Mama,Andy Muschietti,3.0,"Drama,Mistério,Suspense,Terror"
Sinister,Scott Derrickson,3.2,"Mistério,Terror,Thriller"
Oblawa,Marcin Krzysztalowicz,2.5,"Drama,Guerra,Thriller"
Gran Torino,Clint Eastwood,4.2,"Ação,Drama,Thriller"
Sherlock Holmes,Guy Ritchie,3.8,"Ação,Aventura,Mistério,Policial"
3:10 to Yuma,James Mangold,3.9,"Ação,Drama,Faroeste"
Would You Rather,David Guy Levy,3.0,"Terror,Thriller"
Trouble With The Curve,Robert Lorenz,3.5,"Drama,Esporte"
Sherlock Holmes: A Game of Shadows,Guy Ritchie,3.8,"Ação,Aventura,Mistério,Policial"
Lincoln,Steven Spielberg,3.5,"Biografia,Drama,História"
Abraham Lincoln: Vampire Hunter,Timur Bekmambetov,3.0,"Ação,Fantasia,Faroeste,Terror"
